service_name,paper_name,material_name,shape_name,size_name,laminate_name,quantity,price
Đóng kim keo,,,,A0,,1,
Đóng kim keo,,,,A4,,1,
Đóng kim keo,,,,A5,,1,
Đóng kim keo,,,,A2,,1,
Đóng kim keo,,,,A1,,1,
Đóng kim keo,,,,A3,,1,
Đóng kim keo,,,,Khác,,1,
Đóng kim kiếng,,,,A0,,1,
Đóng kim kiếng,,,,A4,,1,
Đóng kim kiếng,,,,A5,,1,
Đóng kim kiếng,,,,A2,,1,
Đóng kim kiếng,,,,A1,,1,
Đóng kim kiếng,,,,A3,,1,
Đóng kim kiếng,,,,Khác,,1,
Đóng lò xo xoắn,,,,A0,,1,
Đóng lò xo xoắn,,,,A4,,1,
Đóng lò xo xoắn,,,,A5,,1,
Đóng lò xo xoắn,,,,A2,,1,
Đóng lò xo xoắn,,,,A1,,1,
Đóng lò xo xoắn,,,,A3,,1,
Đóng lò xo xoắn,,,,Khác,,1,
Đóng lò xo nhựa,,,,A0,,1,
Đóng lò xo nhựa,,,,A4,,1,
Đóng lò xo nhựa,,,,A5,,1,
Đóng lò xo nhựa,,,,A2,,1,
Đóng lò xo nhựa,,,,A1,,1,
Đóng lò xo nhựa,,,,A3,,1,
Đóng lò xo nhựa,,,,Khác,,1,
Đóng lò xo kẽm,,,,A0,,1,
Đóng lò xo kẽm,,,,A4,,1,
Đóng lò xo kẽm,,,,A5,,1,
Đóng lò xo kẽm,,,,A2,,1,
Đóng lò xo kẽm,,,,A1,,1,
Đóng lò xo kẽm,,,,A3,,1,
Đóng lò xo kẽm,,,,Khác,,1,
Ép keo nhiệt,,,,A0,,1,
Ép keo nhiệt,,,,A4,,1,
Ép keo nhiệt,,,,A5,,1,
Ép keo nhiệt,,,,A2,,1,
Ép keo nhiệt,,,,A1,,1,
Ép keo nhiệt,,,,A3,,1,
Ép keo nhiệt,,,,Khác,,1,
Đóng bìa cứng,,,,A0,,1,
Đóng bìa cứng,,,,A4,,1,
Đóng bìa cứng,,,,A5,,1,
Đóng bìa cứng,,,,A2,,1,
Đóng bìa cứng,,,,A1,,1,
Đóng bìa cứng,,,,A3,,1,
Đóng bìa cứng,,,,Khác,,1,
Scan,,,,A0,,1,
Scan,,,,A4,,1,
Scan,,,,A5,,1,
Scan,,,,A2,,1,
Scan,,,,A1,,1,
Scan,,,,A3,,1,
Scan,,,,Khác,,1,
Ép kim,,,,A0,,1,
Ép kim,,,,A4,,1,
Ép kim,,,,A5,,1,
Ép kim,,,,A2,,1,
Ép kim,,,,A1,,1,
Ép kim,,,,A3,,1,
Ép kim,,,,Khác,,1,
Cán màn,,,,A0,Cán màng bóng,1,
Cán màn,,,,A0,Không cán màng,1,
Cán màn,,,,A0,Cán màng mờ,1,
Cán màn,,,,A4,Cán màng bóng,1,
Cán màn,,,,A4,Không cán màng,1,
Cán màn,,,,A4,Cán màng mờ,1,
Cán màn,,,,A5,Cán màng bóng,1,
Cán màn,,,,A5,Không cán màng,1,
Cán màn,,,,A5,Cán màng mờ,1,
Cán màn,,,,A2,Cán màng bóng,1,
Cán màn,,,,A2,Không cán màng,1,
Cán màn,,,,A2,Cán màng mờ,1,
Cán màn,,,,A1,Cán màng bóng,1,
Cán màn,,,,A1,Không cán màng,1,
Cán màn,,,,A1,Cán màng mờ,1,
Cán màn,,,,A3,Cán màng bóng,1,
Cán màn,,,,A3,Không cán màng,1,
Cán màn,,,,A3,Cán màng mờ,1,
Cán màn,,,,Khác,Cán màng bóng,1,
Cán màn,,,,Khác,Không cán màng,1,
Cán màn,,,,Khác,Cán màng mờ,1,
Ép plasitc,,,,A0,,1,
Ép plasitc,,,,A4,,1,
Ép plasitc,,,,A5,,1,
Ép plasitc,,,,A2,,1,
Ép plasitc,,,,A1,,1,
Ép plasitc,,,,A3,,1,
Ép plasitc,,,,Khác,,1,
Ép bọc,,,,A0,,1,
Ép bọc,,,,A4,,1,
Ép bọc,,,,A5,,1,
Ép bọc,,,,A2,,1,
Ép bọc,,,,A1,,1,
Ép bọc,,,,A3,,1,
Ép bọc,,,,Khác,,1,
In trắng đen,Couche 150,,,A0,,1,
In trắng đen,Couche 150,,,A4,,1,
In trắng đen,Couche 150,,,A5,,1,
In trắng đen,Couche 150,,,A2,,1,
In trắng đen,Couche 150,,,A1,,1,
In trắng đen,Couche 150,,,A3,,1,
In trắng đen,Couche 150,,,Khác,,1,
In trắng đen,Ivory 300,,,A0,,1,
In trắng đen,Ivory 300,,,A4,,1,
In trắng đen,Ivory 300,,,A5,,1,
In trắng đen,Ivory 300,,,A2,,1,
In trắng đen,Ivory 300,,,A1,,1,
In trắng đen,Ivory 300,,,A3,,1,
In trắng đen,Ivory 300,,,Khác,,1,
In trắng đen,Gân vàng 280,,,A0,,1,
In trắng đen,Gân vàng 280,,,A4,,1,
In trắng đen,Gân vàng 280,,,A5,,1,
In trắng đen,Gân vàng 280,,,A2,,1,
In trắng đen,Gân vàng 280,,,A1,,1,
In trắng đen,Gân vàng 280,,,A3,,1,
In trắng đen,Gân vàng 280,,,Khác,,1,
In trắng đen,Ford 80,,,A0,,1,
In trắng đen,Ford 80,,,A4,,1,
In trắng đen,Ford 80,,,A5,,1,
In trắng đen,Ford 80,,,A2,,1,
In trắng đen,Ford 80,,,A1,,1,
In trắng đen,Ford 80,,,A3,,1,
In trắng đen,Ford 80,,,Khác,,1,
In trắng đen,Canson 250,,,A0,,1,
In trắng đen,Canson 250,,,A4,,1,
In trắng đen,Canson 250,,,A5,,1,
In trắng đen,Canson 250,,,A2,,1,
In trắng đen,Canson 250,,,A1,,1,
In trắng đen,Canson 250,,,A3,,1,
In trắng đen,Canson 250,,,Khác,,1,
In trắng đen,Ford 300,,,A0,,1,
In trắng đen,Ford 300,,,A4,,1,
In trắng đen,Ford 300,,,A5,,1,
In trắng đen,Ford 300,,,A2,,1,
In trắng đen,Ford 300,,,A1,,1,
In trắng đen,Ford 300,,,A3,,1,
In trắng đen,Ford 300,,,Khác,,1,
In trắng đen,Couche 200,,,A0,,1,
In trắng đen,Couche 200,,,A4,,1,
In trắng đen,Couche 200,,,A5,,1,
In trắng đen,Couche 200,,,A2,,1,
In trắng đen,Couche 200,,,A1,,1,
In trắng đen,Couche 200,,,A3,,1,
In trắng đen,Couche 200,,,Khác,,1,
In trắng đen,Couche 300,,,A0,,1,
In trắng đen,Couche 300,,,A4,,1,
In trắng đen,Couche 300,,,A5,,1,
In trắng đen,Couche 300,,,A2,,1,
In trắng đen,Couche 300,,,A1,,1,
In trắng đen,Couche 300,,,A3,,1,
In trắng đen,Couche 300,,,Khác,,1,
In trắng đen,Gân trắng 250,,,A0,,1,
In trắng đen,Gân trắng 250,,,A4,,1,
In trắng đen,Gân trắng 250,,,A5,,1,
In trắng đen,Gân trắng 250,,,A2,,1,
In trắng đen,Gân trắng 250,,,A1,,1,
In trắng đen,Gân trắng 250,,,A3,,1,
In trắng đen,Gân trắng 250,,,Khác,,1,
In trắng đen,Ford 250,,,A0,,1,
In trắng đen,Ford 250,,,A4,,1,
In trắng đen,Ford 250,,,A5,,1,
In trắng đen,Ford 250,,,A2,,1,
In trắng đen,Ford 250,,,A1,,1,
In trắng đen,Ford 250,,,A3,,1,
In trắng đen,Ford 250,,,Khác,,1,
In trắng đen,Ford 180,,,A0,,1,
In trắng đen,Ford 180,,,A4,,1,
In trắng đen,Ford 180,,,A5,,1,
In trắng đen,Ford 180,,,A2,,1,
In trắng đen,Ford 180,,,A1,,1,
In trắng đen,Ford 180,,,A3,,1,
In trắng đen,Ford 180,,,Khác,,1,
In trắng đen,Khác,,,A0,,1,
In trắng đen,Khác,,,A4,,1,
In trắng đen,Khác,,,A5,,1,
In trắng đen,Khác,,,A2,,1,
In trắng đen,Khác,,,A1,,1,
In trắng đen,Khác,,,A3,,1,
In trắng đen,Khác,,,Khác,,1,
In trắng đen,Couche 250,,,A0,,1,
In trắng đen,Couche 250,,,A4,,1,
In trắng đen,Couche 250,,,A5,,1,
In trắng đen,Couche 250,,,A2,,1,
In trắng đen,Couche 250,,,A1,,1,
In trắng đen,Couche 250,,,A3,,1,
In trắng đen,Couche 250,,,Khác,,1,
In trắng đen,Giấy ảnh 250,,,A0,,1,
In trắng đen,Giấy ảnh 250,,,A4,,1,
In trắng đen,Giấy ảnh 250,,,A5,,1,
In trắng đen,Giấy ảnh 250,,,A2,,1,
In trắng đen,Giấy ảnh 250,,,A1,,1,
In trắng đen,Giấy ảnh 250,,,A3,,1,
In trắng đen,Giấy ảnh 250,,,Khác,,1,
In màu,Couche 150,,,A0,,1,
In màu,Couche 150,,,A4,,1,
In màu,Couche 150,,,A5,,1,
In màu,Couche 150,,,A2,,1,
In màu,Couche 150,,,A1,,1,
In màu,Couche 150,,,A3,,1,
In màu,Couche 150,,,Khác,,1,
In màu,Ivory 300,,,A0,,1,
In màu,Ivory 300,,,A4,,1,
In màu,Ivory 300,,,A5,,1,
In màu,Ivory 300,,,A2,,1,
In màu,Ivory 300,,,A1,,1,
In màu,Ivory 300,,,A3,,1,
In màu,Ivory 300,,,Khác,,1,
In màu,Gân vàng 280,,,A0,,1,
In màu,Gân vàng 280,,,A4,,1,
In màu,Gân vàng 280,,,A5,,1,
In màu,Gân vàng 280,,,A2,,1,
In màu,Gân vàng 280,,,A1,,1,
In màu,Gân vàng 280,,,A3,,1,
In màu,Gân vàng 280,,,Khác,,1,
In màu,Ford 80,,,A0,,1,
In màu,Ford 80,,,A4,,1,
In màu,Ford 80,,,A5,,1,
In màu,Ford 80,,,A2,,1,
In màu,Ford 80,,,A1,,1,
In màu,Ford 80,,,A3,,1,
In màu,Ford 80,,,Khác,,1,
In màu,Canson 250,,,A0,,1,
In màu,Canson 250,,,A4,,1,
In màu,Canson 250,,,A5,,1,
In màu,Canson 250,,,A2,,1,
In màu,Canson 250,,,A1,,1,
In màu,Canson 250,,,A3,,1,
In màu,Canson 250,,,Khác,,1,
In màu,Ford 300,,,A0,,1,
In màu,Ford 300,,,A4,,1,
In màu,Ford 300,,,A5,,1,
In màu,Ford 300,,,A2,,1,
In màu,Ford 300,,,A1,,1,
In màu,Ford 300,,,A3,,1,
In màu,Ford 300,,,Khác,,1,
In màu,Couche 200,,,A0,,1,
In màu,Couche 200,,,A4,,1,
In màu,Couche 200,,,A5,,1,
In màu,Couche 200,,,A2,,1,
In màu,Couche 200,,,A1,,1,
In màu,Couche 200,,,A3,,1,
In màu,Couche 200,,,Khác,,1,
In màu,Couche 300,,,A0,,1,
In màu,Couche 300,,,A4,,1,
In màu,Couche 300,,,A5,,1,
In màu,Couche 300,,,A2,,1,
In màu,Couche 300,,,A1,,1,
In màu,Couche 300,,,A3,,1,
In màu,Couche 300,,,Khác,,1,
In màu,Gân trắng 250,,,A0,,1,
In màu,Gân trắng 250,,,A4,,1,
In màu,Gân trắng 250,,,A5,,1,
In màu,Gân trắng 250,,,A2,,1,
In màu,Gân trắng 250,,,A1,,1,
In màu,Gân trắng 250,,,A3,,1,
In màu,Gân trắng 250,,,Khác,,1,
In màu,Ford 250,,,A0,,1,
In màu,Ford 250,,,A4,,1,
In màu,Ford 250,,,A5,,1,
In màu,Ford 250,,,A2,,1,
In màu,Ford 250,,,A1,,1,
In màu,Ford 250,,,A3,,1,
In màu,Ford 250,,,Khác,,1,
In màu,Ford 180,,,A0,,1,
In màu,Ford 180,,,A4,,1,
In màu,Ford 180,,,A5,,1,
In màu,Ford 180,,,A2,,1,
In màu,Ford 180,,,A1,,1,
In màu,Ford 180,,,A3,,1,
In màu,Ford 180,,,Khác,,1,
In màu,Khác,,,A0,,1,
In màu,Khác,,,A4,,1,
In màu,Khác,,,A5,,1,
In màu,Khác,,,A2,,1,
In màu,Khác,,,A1,,1,
In màu,Khác,,,A3,,1,
In màu,Khác,,,Khác,,1,
In màu,Couche 250,,,A0,,1,
In màu,Couche 250,,,A4,,1,
In màu,Couche 250,,,A5,,1,
In màu,Couche 250,,,A2,,1,
In màu,Couche 250,,,A1,,1,
In màu,Couche 250,,,A3,,1,
In màu,Couche 250,,,Khác,,1,
In màu,Giấy ảnh 250,,,A0,,1,
In màu,Giấy ảnh 250,,,A4,,1,
In màu,Giấy ảnh 250,,,A5,,1,
In màu,Giấy ảnh 250,,,A2,,1,
In màu,Giấy ảnh 250,,,A1,,1,
In màu,Giấy ảnh 250,,,A3,,1,
In màu,Giấy ảnh 250,,,Khác,,1,
In bản vẽ,Couche 150,,,A0,,1,
In bản vẽ,Couche 150,,,A4,,1,
In bản vẽ,Couche 150,,,A5,,1,
In bản vẽ,Couche 150,,,A2,,1,
In bản vẽ,Couche 150,,,A1,,1,
In bản vẽ,Couche 150,,,A3,,1,
In bản vẽ,Couche 150,,,Khác,,1,
In bản vẽ,Ivory 300,,,A0,,1,
In bản vẽ,Ivory 300,,,A4,,1,
In bản vẽ,Ivory 300,,,A5,,1,
In bản vẽ,Ivory 300,,,A2,,1,
In bản vẽ,Ivory 300,,,A1,,1,
In bản vẽ,Ivory 300,,,A3,,1,
In bản vẽ,Ivory 300,,,Khác,,1,
In bản vẽ,Gân vàng 280,,,A0,,1,
In bản vẽ,Gân vàng 280,,,A4,,1,
In bản vẽ,Gân vàng 280,,,A5,,1,
In bản vẽ,Gân vàng 280,,,A2,,1,
In bản vẽ,Gân vàng 280,,,A1,,1,
In bản vẽ,Gân vàng 280,,,A3,,1,
In bản vẽ,Gân vàng 280,,,Khác,,1,
In bản vẽ,Ford 80,,,A0,,1,
In bản vẽ,Ford 80,,,A4,,1,
In bản vẽ,Ford 80,,,A5,,1,
In bản vẽ,Ford 80,,,A2,,1,
In bản vẽ,Ford 80,,,A1,,1,
In bản vẽ,Ford 80,,,A3,,1,
In bản vẽ,Ford 80,,,Khác,,1,
In bản vẽ,Canson 250,,,A0,,1,
In bản vẽ,Canson 250,,,A4,,1,
In bản vẽ,Canson 250,,,A5,,1,
In bản vẽ,Canson 250,,,A2,,1,
In bản vẽ,Canson 250,,,A1,,1,
In bản vẽ,Canson 250,,,A3,,1,
In bản vẽ,Canson 250,,,Khác,,1,
In bản vẽ,Ford 300,,,A0,,1,
In bản vẽ,Ford 300,,,A4,,1,
In bản vẽ,Ford 300,,,A5,,1,
In bản vẽ,Ford 300,,,A2,,1,
In bản vẽ,Ford 300,,,A1,,1,
In bản vẽ,Ford 300,,,A3,,1,
In bản vẽ,Ford 300,,,Khác,,1,
In bản vẽ,Couche 200,,,A0,,1,
In bản vẽ,Couche 200,,,A4,,1,
In bản vẽ,Couche 200,,,A5,,1,
In bản vẽ,Couche 200,,,A2,,1,
In bản vẽ,Couche 200,,,A1,,1,
In bản vẽ,Couche 200,,,A3,,1,
In bản vẽ,Couche 200,,,Khác,,1,
In bản vẽ,Couche 300,,,A0,,1,
In bản vẽ,Couche 300,,,A4,,1,
In bản vẽ,Couche 300,,,A5,,1,
In bản vẽ,Couche 300,,,A2,,1,
In bản vẽ,Couche 300,,,A1,,1,
In bản vẽ,Couche 300,,,A3,,1,
In bản vẽ,Couche 300,,,Khác,,1,
In bản vẽ,Gân trắng 250,,,A0,,1,
In bản vẽ,Gân trắng 250,,,A4,,1,
In bản vẽ,Gân trắng 250,,,A5,,1,
In bản vẽ,Gân trắng 250,,,A2,,1,
In bản vẽ,Gân trắng 250,,,A1,,1,
In bản vẽ,Gân trắng 250,,,A3,,1,
In bản vẽ,Gân trắng 250,,,Khác,,1,
In bản vẽ,Ford 250,,,A0,,1,
In bản vẽ,Ford 250,,,A4,,1,
In bản vẽ,Ford 250,,,A5,,1,
In bản vẽ,Ford 250,,,A2,,1,
In bản vẽ,Ford 250,,,A1,,1,
In bản vẽ,Ford 250,,,A3,,1,
In bản vẽ,Ford 250,,,Khác,,1,
In bản vẽ,Ford 180,,,A0,,1,
In bản vẽ,Ford 180,,,A4,,1,
In bản vẽ,Ford 180,,,A5,,1,
In bản vẽ,Ford 180,,,A2,,1,
In bản vẽ,Ford 180,,,A1,,1,
In bản vẽ,Ford 180,,,A3,,1,
In bản vẽ,Ford 180,,,Khác,,1,
In bản vẽ,Khác,,,A0,,1,
In bản vẽ,Khác,,,A4,,1,
In bản vẽ,Khác,,,A5,,1,
In bản vẽ,Khác,,,A2,,1,
In bản vẽ,Khác,,,A1,,1,
In bản vẽ,Khác,,,A3,,1,
In bản vẽ,Khác,,,Khác,,1,
In bản vẽ,Couche 250,,,A0,,1,
In bản vẽ,Couche 250,,,A4,,1,
In bản vẽ,Couche 250,,,A5,,1,
In bản vẽ,Couche 250,,,A2,,1,
In bản vẽ,Couche 250,,,A1,,1,
In bản vẽ,Couche 250,,,A3,,1,
In bản vẽ,Couche 250,,,Khác,,1,
In bản vẽ,Giấy ảnh 250,,,A0,,1,
In bản vẽ,Giấy ảnh 250,,,A4,,1,
In bản vẽ,Giấy ảnh 250,,,A5,,1,
In bản vẽ,Giấy ảnh 250,,,A2,,1,
In bản vẽ,Giấy ảnh 250,,,A1,,1,
In bản vẽ,Giấy ảnh 250,,,A3,,1,
In bản vẽ,Giấy ảnh 250,,,Khác,,1,
Danh thiếp,Couche 150,,,A0,,1,
Danh thiếp,Couche 150,,,A4,,1,
Danh thiếp,Couche 150,,,A5,,1,
Danh thiếp,Couche 150,,,A2,,1,
Danh thiếp,Couche 150,,,A1,,1,
Danh thiếp,Couche 150,,,A3,,1,
Danh thiếp,Couche 150,,,Khác,,1,
Danh thiếp,Ivory 300,,,A0,,1,
Danh thiếp,Ivory 300,,,A4,,1,
Danh thiếp,Ivory 300,,,A5,,1,
Danh thiếp,Ivory 300,,,A2,,1,
Danh thiếp,Ivory 300,,,A1,,1,
Danh thiếp,Ivory 300,,,A3,,1,
Danh thiếp,Ivory 300,,,Khác,,1,
Danh thiếp,Gân vàng 280,,,A0,,1,
Danh thiếp,Gân vàng 280,,,A4,,1,
Danh thiếp,Gân vàng 280,,,A5,,1,
Danh thiếp,Gân vàng 280,,,A2,,1,
Danh thiếp,Gân vàng 280,,,A1,,1,
Danh thiếp,Gân vàng 280,,,A3,,1,
Danh thiếp,Gân vàng 280,,,Khác,,1,
Danh thiếp,Ford 80,,,A0,,1,
Danh thiếp,Ford 80,,,A4,,1,
Danh thiếp,Ford 80,,,A5,,1,
Danh thiếp,Ford 80,,,A2,,1,
Danh thiếp,Ford 80,,,A1,,1,
Danh thiếp,Ford 80,,,A3,,1,
Danh thiếp,Ford 80,,,Khác,,1,
Danh thiếp,Canson 250,,,A0,,1,
Danh thiếp,Canson 250,,,A4,,1,
Danh thiếp,Canson 250,,,A5,,1,
Danh thiếp,Canson 250,,,A2,,1,
Danh thiếp,Canson 250,,,A1,,1,
Danh thiếp,Canson 250,,,A3,,1,
Danh thiếp,Canson 250,,,Khác,,1,
Danh thiếp,Ford 300,,,A0,,1,
Danh thiếp,Ford 300,,,A4,,1,
Danh thiếp,Ford 300,,,A5,,1,
Danh thiếp,Ford 300,,,A2,,1,
Danh thiếp,Ford 300,,,A1,,1,
Danh thiếp,Ford 300,,,A3,,1,
Danh thiếp,Ford 300,,,Khác,,1,
Danh thiếp,Couche 200,,,A0,,1,
Danh thiếp,Couche 200,,,A4,,1,
Danh thiếp,Couche 200,,,A5,,1,
Danh thiếp,Couche 200,,,A2,,1,
Danh thiếp,Couche 200,,,A1,,1,
Danh thiếp,Couche 200,,,A3,,1,
Danh thiếp,Couche 200,,,Khác,,1,
Danh thiếp,Couche 300,,,A0,,1,
Danh thiếp,Couche 300,,,A4,,1,
Danh thiếp,Couche 300,,,A5,,1,
Danh thiếp,Couche 300,,,A2,,1,
Danh thiếp,Couche 300,,,A1,,1,
Danh thiếp,Couche 300,,,A3,,1,
Danh thiếp,Couche 300,,,Khác,,1,
Danh thiếp,Gân trắng 250,,,A0,,1,
Danh thiếp,Gân trắng 250,,,A4,,1,
Danh thiếp,Gân trắng 250,,,A5,,1,
Danh thiếp,Gân trắng 250,,,A2,,1,
Danh thiếp,Gân trắng 250,,,A1,,1,
Danh thiếp,Gân trắng 250,,,A3,,1,
Danh thiếp,Gân trắng 250,,,Khác,,1,
Danh thiếp,Ford 250,,,A0,,1,
Danh thiếp,Ford 250,,,A4,,1,
Danh thiếp,Ford 250,,,A5,,1,
Danh thiếp,Ford 250,,,A2,,1,
Danh thiếp,Ford 250,,,A1,,1,
Danh thiếp,Ford 250,,,A3,,1,
Danh thiếp,Ford 250,,,Khác,,1,
Danh thiếp,Ford 180,,,A0,,1,
Danh thiếp,Ford 180,,,A4,,1,
Danh thiếp,Ford 180,,,A5,,1,
Danh thiếp,Ford 180,,,A2,,1,
Danh thiếp,Ford 180,,,A1,,1,
Danh thiếp,Ford 180,,,A3,,1,
Danh thiếp,Ford 180,,,Khác,,1,
Danh thiếp,Khác,,,A0,,1,
Danh thiếp,Khác,,,A4,,1,
Danh thiếp,Khác,,,A5,,1,
Danh thiếp,Khác,,,A2,,1,
Danh thiếp,Khác,,,A1,,1,
Danh thiếp,Khác,,,A3,,1,
Danh thiếp,Khác,,,Khác,,1,
Danh thiếp,Couche 250,,,A0,,1,
Danh thiếp,Couche 250,,,A4,,1,
Danh thiếp,Couche 250,,,A5,,1,
Danh thiếp,Couche 250,,,A2,,1,
Danh thiếp,Couche 250,,,A1,,1,
Danh thiếp,Couche 250,,,A3,,1,
Danh thiếp,Couche 250,,,Khác,,1,
Danh thiếp,Giấy ảnh 250,,,A0,,1,
Danh thiếp,Giấy ảnh 250,,,A4,,1,
Danh thiếp,Giấy ảnh 250,,,A5,,1,
Danh thiếp,Giấy ảnh 250,,,A2,,1,
Danh thiếp,Giấy ảnh 250,,,A1,,1,
Danh thiếp,Giấy ảnh 250,,,A3,,1,
Danh thiếp,Giấy ảnh 250,,,Khác,,1,
Sách ép keo nhiệt,,,,A0,,1,
Sách ép keo nhiệt,,,,A4,,1,
Sách ép keo nhiệt,,,,A5,,1,
Sách ép keo nhiệt,,,,A2,,1,
Sách ép keo nhiệt,,,,A1,,1,
Sách ép keo nhiệt,,,,A3,,1,
Sách ép keo nhiệt,,,,Khác,,1,
Sách đóng bìa cứng,,,,A0,,1,
Sách đóng bìa cứng,,,,A4,,1,
Sách đóng bìa cứng,,,,A5,,1,
Sách đóng bìa cứng,,,,A2,,1,
Sách đóng bìa cứng,,,,A1,,1,
Sách đóng bìa cứng,,,,A3,,1,
Sách đóng bìa cứng,,,,Khác,,1,
Bao thư,Couche 150,,,A0,,1,
Bao thư,Couche 150,,,A4,,1,
Bao thư,Couche 150,,,A5,,1,
Bao thư,Couche 150,,,A2,,1,
Bao thư,Couche 150,,,A1,,1,
Bao thư,Couche 150,,,A3,,1,
Bao thư,Couche 150,,,Khác,,1,
Bao thư,Ivory 300,,,A0,,1,
Bao thư,Ivory 300,,,A4,,1,
Bao thư,Ivory 300,,,A5,,1,
Bao thư,Ivory 300,,,A2,,1,
Bao thư,Ivory 300,,,A1,,1,
Bao thư,Ivory 300,,,A3,,1,
Bao thư,Ivory 300,,,Khác,,1,
Bao thư,Gân vàng 280,,,A0,,1,
Bao thư,Gân vàng 280,,,A4,,1,
Bao thư,Gân vàng 280,,,A5,,1,
Bao thư,Gân vàng 280,,,A2,,1,
Bao thư,Gân vàng 280,,,A1,,1,
Bao thư,Gân vàng 280,,,A3,,1,
Bao thư,Gân vàng 280,,,Khác,,1,
Bao thư,Ford 80,,,A0,,1,
Bao thư,Ford 80,,,A4,,1,
Bao thư,Ford 80,,,A5,,1,
Bao thư,Ford 80,,,A2,,1,
Bao thư,Ford 80,,,A1,,1,
Bao thư,Ford 80,,,A3,,1,
Bao thư,Ford 80,,,Khác,,1,
Bao thư,Canson 250,,,A0,,1,
Bao thư,Canson 250,,,A4,,1,
Bao thư,Canson 250,,,A5,,1,
Bao thư,Canson 250,,,A2,,1,
Bao thư,Canson 250,,,A1,,1,
Bao thư,Canson 250,,,A3,,1,
Bao thư,Canson 250,,,Khác,,1,
Bao thư,Ford 300,,,A0,,1,
Bao thư,Ford 300,,,A4,,1,
Bao thư,Ford 300,,,A5,,1,
Bao thư,Ford 300,,,A2,,1,
Bao thư,Ford 300,,,A1,,1,
Bao thư,Ford 300,,,A3,,1,
Bao thư,Ford 300,,,Khác,,1,
Bao thư,Couche 200,,,A0,,1,
Bao thư,Couche 200,,,A4,,1,
Bao thư,Couche 200,,,A5,,1,
Bao thư,Couche 200,,,A2,,1,
Bao thư,Couche 200,,,A1,,1,
Bao thư,Couche 200,,,A3,,1,
Bao thư,Couche 200,,,Khác,,1,
Bao thư,Couche 300,,,A0,,1,
Bao thư,Couche 300,,,A4,,1,
Bao thư,Couche 300,,,A5,,1,
Bao thư,Couche 300,,,A2,,1,
Bao thư,Couche 300,,,A1,,1,
Bao thư,Couche 300,,,A3,,1,
Bao thư,Couche 300,,,Khác,,1,
Bao thư,Gân trắng 250,,,A0,,1,
Bao thư,Gân trắng 250,,,A4,,1,
Bao thư,Gân trắng 250,,,A5,,1,
Bao thư,Gân trắng 250,,,A2,,1,
Bao thư,Gân trắng 250,,,A1,,1,
Bao thư,Gân trắng 250,,,A3,,1,
Bao thư,Gân trắng 250,,,Khác,,1,
Bao thư,Ford 250,,,A0,,1,
Bao thư,Ford 250,,,A4,,1,
Bao thư,Ford 250,,,A5,,1,
Bao thư,Ford 250,,,A2,,1,
Bao thư,Ford 250,,,A1,,1,
Bao thư,Ford 250,,,A3,,1,
Bao thư,Ford 250,,,Khác,,1,
Bao thư,Ford 180,,,A0,,1,
Bao thư,Ford 180,,,A4,,1,
Bao thư,Ford 180,,,A5,,1,
Bao thư,Ford 180,,,A2,,1,
Bao thư,Ford 180,,,A1,,1,
Bao thư,Ford 180,,,A3,,1,
Bao thư,Ford 180,,,Khác,,1,
Bao thư,Khác,,,A0,,1,
Bao thư,Khác,,,A4,,1,
Bao thư,Khác,,,A5,,1,
Bao thư,Khác,,,A2,,1,
Bao thư,Khác,,,A1,,1,
Bao thư,Khác,,,A3,,1,
Bao thư,Khác,,,Khác,,1,
Bao thư,Couche 250,,,A0,,1,
Bao thư,Couche 250,,,A4,,1,
Bao thư,Couche 250,,,A5,,1,
Bao thư,Couche 250,,,A2,,1,
Bao thư,Couche 250,,,A1,,1,
Bao thư,Couche 250,,,A3,,1,
Bao thư,Couche 250,,,Khác,,1,
Bao thư,Giấy ảnh 250,,,A0,,1,
Bao thư,Giấy ảnh 250,,,A4,,1,
Bao thư,Giấy ảnh 250,,,A5,,1,
Bao thư,Giấy ảnh 250,,,A2,,1,
Bao thư,Giấy ảnh 250,,,A1,,1,
Bao thư,Giấy ảnh 250,,,A3,,1,
Bao thư,Giấy ảnh 250,,,Khác,,1,
Giấy ghi chú,Couche 150,,,A0,,1,
Giấy ghi chú,Couche 150,,,A4,,1,
Giấy ghi chú,Couche 150,,,A5,,1,
Giấy ghi chú,Couche 150,,,A2,,1,
Giấy ghi chú,Couche 150,,,A1,,1,
Giấy ghi chú,Couche 150,,,A3,,1,
Giấy ghi chú,Couche 150,,,Khác,,1,
Giấy ghi chú,Ivory 300,,,A0,,1,
Giấy ghi chú,Ivory 300,,,A4,,1,
Giấy ghi chú,Ivory 300,,,A5,,1,
Giấy ghi chú,Ivory 300,,,A2,,1,
Giấy ghi chú,Ivory 300,,,A1,,1,
Giấy ghi chú,Ivory 300,,,A3,,1,
Giấy ghi chú,Ivory 300,,,Khác,,1,
Giấy ghi chú,Gân vàng 280,,,A0,,1,
Giấy ghi chú,Gân vàng 280,,,A4,,1,
Giấy ghi chú,Gân vàng 280,,,A5,,1,
Giấy ghi chú,Gân vàng 280,,,A2,,1,
Giấy ghi chú,Gân vàng 280,,,A1,,1,
Giấy ghi chú,Gân vàng 280,,,A3,,1,
Giấy ghi chú,Gân vàng 280,,,Khác,,1,
Giấy ghi chú,Ford 80,,,A0,,1,
Giấy ghi chú,Ford 80,,,A4,,1,
Giấy ghi chú,Ford 80,,,A5,,1,
Giấy ghi chú,Ford 80,,,A2,,1,
Giấy ghi chú,Ford 80,,,A1,,1,
Giấy ghi chú,Ford 80,,,A3,,1,
Giấy ghi chú,Ford 80,,,Khác,,1,
Giấy ghi chú,Canson 250,,,A0,,1,
Giấy ghi chú,Canson 250,,,A4,,1,
Giấy ghi chú,Canson 250,,,A5,,1,
Giấy ghi chú,Canson 250,,,A2,,1,
Giấy ghi chú,Canson 250,,,A1,,1,
Giấy ghi chú,Canson 250,,,A3,,1,
Giấy ghi chú,Canson 250,,,Khác,,1,
Giấy ghi chú,Ford 300,,,A0,,1,
Giấy ghi chú,Ford 300,,,A4,,1,
Giấy ghi chú,Ford 300,,,A5,,1,
Giấy ghi chú,Ford 300,,,A2,,1,
Giấy ghi chú,Ford 300,,,A1,,1,
Giấy ghi chú,Ford 300,,,A3,,1,
Giấy ghi chú,Ford 300,,,Khác,,1,
Giấy ghi chú,Couche 200,,,A0,,1,
Giấy ghi chú,Couche 200,,,A4,,1,
Giấy ghi chú,Couche 200,,,A5,,1,
Giấy ghi chú,Couche 200,,,A2,,1,
Giấy ghi chú,Couche 200,,,A1,,1,
Giấy ghi chú,Couche 200,,,A3,,1,
Giấy ghi chú,Couche 200,,,Khác,,1,
Giấy ghi chú,Couche 300,,,A0,,1,
Giấy ghi chú,Couche 300,,,A4,,1,
Giấy ghi chú,Couche 300,,,A5,,1,
Giấy ghi chú,Couche 300,,,A2,,1,
Giấy ghi chú,Couche 300,,,A1,,1,
Giấy ghi chú,Couche 300,,,A3,,1,
Giấy ghi chú,Couche 300,,,Khác,,1,
Giấy ghi chú,Gân trắng 250,,,A0,,1,
Giấy ghi chú,Gân trắng 250,,,A4,,1,
Giấy ghi chú,Gân trắng 250,,,A5,,1,
Giấy ghi chú,Gân trắng 250,,,A2,,1,
Giấy ghi chú,Gân trắng 250,,,A1,,1,
Giấy ghi chú,Gân trắng 250,,,A3,,1,
Giấy ghi chú,Gân trắng 250,,,Khác,,1,
Giấy ghi chú,Ford 250,,,A0,,1,
Giấy ghi chú,Ford 250,,,A4,,1,
Giấy ghi chú,Ford 250,,,A5,,1,
Giấy ghi chú,Ford 250,,,A2,,1,
Giấy ghi chú,Ford 250,,,A1,,1,
Giấy ghi chú,Ford 250,,,A3,,1,
Giấy ghi chú,Ford 250,,,Khác,,1,
Giấy ghi chú,Ford 180,,,A0,,1,
Giấy ghi chú,Ford 180,,,A4,,1,
Giấy ghi chú,Ford 180,,,A5,,1,
Giấy ghi chú,Ford 180,,,A2,,1,
Giấy ghi chú,Ford 180,,,A1,,1,
Giấy ghi chú,Ford 180,,,A3,,1,
Giấy ghi chú,Ford 180,,,Khác,,1,
Giấy ghi chú,Khác,,,A0,,1,
Giấy ghi chú,Khác,,,A4,,1,
Giấy ghi chú,Khác,,,A5,,1,
Giấy ghi chú,Khác,,,A2,,1,
Giấy ghi chú,Khác,,,A1,,1,
Giấy ghi chú,Khác,,,A3,,1,
Giấy ghi chú,Khác,,,Khác,,1,
Giấy ghi chú,Couche 250,,,A0,,1,
Giấy ghi chú,Couche 250,,,A4,,1,
Giấy ghi chú,Couche 250,,,A5,,1,
Giấy ghi chú,Couche 250,,,A2,,1,
Giấy ghi chú,Couche 250,,,A1,,1,
Giấy ghi chú,Couche 250,,,A3,,1,
Giấy ghi chú,Couche 250,,,Khác,,1,
Giấy ghi chú,Giấy ảnh 250,,,A0,,1,
Giấy ghi chú,Giấy ảnh 250,,,A4,,1,
Giấy ghi chú,Giấy ảnh 250,,,A5,,1,
Giấy ghi chú,Giấy ảnh 250,,,A2,,1,
Giấy ghi chú,Giấy ảnh 250,,,A1,,1,
Giấy ghi chú,Giấy ảnh 250,,,A3,,1,
Giấy ghi chú,Giấy ảnh 250,,,Khác,,1,
Giấy tiêu đề,Couche 150,,,A0,,1,
Giấy tiêu đề,Couche 150,,,A4,,1,
Giấy tiêu đề,Couche 150,,,A5,,1,
Giấy tiêu đề,Couche 150,,,A2,,1,
Giấy tiêu đề,Couche 150,,,A1,,1,
Giấy tiêu đề,Couche 150,,,A3,,1,
Giấy tiêu đề,Couche 150,,,Khác,,1,
Giấy tiêu đề,Ivory 300,,,A0,,1,
Giấy tiêu đề,Ivory 300,,,A4,,1,
Giấy tiêu đề,Ivory 300,,,A5,,1,
Giấy tiêu đề,Ivory 300,,,A2,,1,
Giấy tiêu đề,Ivory 300,,,A1,,1,
Giấy tiêu đề,Ivory 300,,,A3,,1,
Giấy tiêu đề,Ivory 300,,,Khác,,1,
Giấy tiêu đề,Gân vàng 280,,,A0,,1,
Giấy tiêu đề,Gân vàng 280,,,A4,,1,
Giấy tiêu đề,Gân vàng 280,,,A5,,1,
Giấy tiêu đề,Gân vàng 280,,,A2,,1,
Giấy tiêu đề,Gân vàng 280,,,A1,,1,
Giấy tiêu đề,Gân vàng 280,,,A3,,1,
Giấy tiêu đề,Gân vàng 280,,,Khác,,1,
Giấy tiêu đề,Ford 80,,,A0,,1,
Giấy tiêu đề,Ford 80,,,A4,,1,
Giấy tiêu đề,Ford 80,,,A5,,1,
Giấy tiêu đề,Ford 80,,,A2,,1,
Giấy tiêu đề,Ford 80,,,A1,,1,
Giấy tiêu đề,Ford 80,,,A3,,1,
Giấy tiêu đề,Ford 80,,,Khác,,1,
Giấy tiêu đề,Canson 250,,,A0,,1,
Giấy tiêu đề,Canson 250,,,A4,,1,
Giấy tiêu đề,Canson 250,,,A5,,1,
Giấy tiêu đề,Canson 250,,,A2,,1,
Giấy tiêu đề,Canson 250,,,A1,,1,
Giấy tiêu đề,Canson 250,,,A3,,1,
Giấy tiêu đề,Canson 250,,,Khác,,1,
Giấy tiêu đề,Ford 300,,,A0,,1,
Giấy tiêu đề,Ford 300,,,A4,,1,
Giấy tiêu đề,Ford 300,,,A5,,1,
Giấy tiêu đề,Ford 300,,,A2,,1,
Giấy tiêu đề,Ford 300,,,A1,,1,
Giấy tiêu đề,Ford 300,,,A3,,1,
Giấy tiêu đề,Ford 300,,,Khác,,1,
Giấy tiêu đề,Couche 200,,,A0,,1,
Giấy tiêu đề,Couche 200,,,A4,,1,
Giấy tiêu đề,Couche 200,,,A5,,1,
Giấy tiêu đề,Couche 200,,,A2,,1,
Giấy tiêu đề,Couche 200,,,A1,,1,
Giấy tiêu đề,Couche 200,,,A3,,1,
Giấy tiêu đề,Couche 200,,,Khác,,1,
Giấy tiêu đề,Couche 300,,,A0,,1,
Giấy tiêu đề,Couche 300,,,A4,,1,
Giấy tiêu đề,Couche 300,,,A5,,1,
Giấy tiêu đề,Couche 300,,,A2,,1,
Giấy tiêu đề,Couche 300,,,A1,,1,
Giấy tiêu đề,Couche 300,,,A3,,1,
Giấy tiêu đề,Couche 300,,,Khác,,1,
Giấy tiêu đề,Gân trắng 250,,,A0,,1,
Giấy tiêu đề,Gân trắng 250,,,A4,,1,
Giấy tiêu đề,Gân trắng 250,,,A5,,1,
Giấy tiêu đề,Gân trắng 250,,,A2,,1,
Giấy tiêu đề,Gân trắng 250,,,A1,,1,
Giấy tiêu đề,Gân trắng 250,,,A3,,1,
Giấy tiêu đề,Gân trắng 250,,,Khác,,1,
Giấy tiêu đề,Ford 250,,,A0,,1,
Giấy tiêu đề,Ford 250,,,A4,,1,
Giấy tiêu đề,Ford 250,,,A5,,1,
Giấy tiêu đề,Ford 250,,,A2,,1,
Giấy tiêu đề,Ford 250,,,A1,,1,
Giấy tiêu đề,Ford 250,,,A3,,1,
Giấy tiêu đề,Ford 250,,,Khác,,1,
Giấy tiêu đề,Ford 180,,,A0,,1,
Giấy tiêu đề,Ford 180,,,A4,,1,
Giấy tiêu đề,Ford 180,,,A5,,1,
Giấy tiêu đề,Ford 180,,,A2,,1,
Giấy tiêu đề,Ford 180,,,A1,,1,
Giấy tiêu đề,Ford 180,,,A3,,1,
Giấy tiêu đề,Ford 180,,,Khác,,1,
Giấy tiêu đề,Khác,,,A0,,1,
Giấy tiêu đề,Khác,,,A4,,1,
Giấy tiêu đề,Khác,,,A5,,1,
Giấy tiêu đề,Khác,,,A2,,1,
Giấy tiêu đề,Khác,,,A1,,1,
Giấy tiêu đề,Khác,,,A3,,1,
Giấy tiêu đề,Khác,,,Khác,,1,
Giấy tiêu đề,Couche 250,,,A0,,1,
Giấy tiêu đề,Couche 250,,,A4,,1,
Giấy tiêu đề,Couche 250,,,A5,,1,
Giấy tiêu đề,Couche 250,,,A2,,1,
Giấy tiêu đề,Couche 250,,,A1,,1,
Giấy tiêu đề,Couche 250,,,A3,,1,
Giấy tiêu đề,Couche 250,,,Khác,,1,
Giấy tiêu đề,Giấy ảnh 250,,,A0,,1,
Giấy tiêu đề,Giấy ảnh 250,,,A4,,1,
Giấy tiêu đề,Giấy ảnh 250,,,A5,,1,
Giấy tiêu đề,Giấy ảnh 250,,,A2,,1,
Giấy tiêu đề,Giấy ảnh 250,,,A1,,1,
Giấy tiêu đề,Giấy ảnh 250,,,A3,,1,
Giấy tiêu đề,Giấy ảnh 250,,,Khác,,1,
Bìa đựng hồ sơ,Couche 150,,,A0,,1,
Bìa đựng hồ sơ,Couche 150,,,A4,,1,
Bìa đựng hồ sơ,Couche 150,,,A5,,1,
Bìa đựng hồ sơ,Couche 150,,,A2,,1,
Bìa đựng hồ sơ,Couche 150,,,A1,,1,
Bìa đựng hồ sơ,Couche 150,,,A3,,1,
Bìa đựng hồ sơ,Couche 150,,,Khác,,1,
Bìa đựng hồ sơ,Ivory 300,,,A0,,1,
Bìa đựng hồ sơ,Ivory 300,,,A4,,1,
Bìa đựng hồ sơ,Ivory 300,,,A5,,1,
Bìa đựng hồ sơ,Ivory 300,,,A2,,1,
Bìa đựng hồ sơ,Ivory 300,,,A1,,1,
Bìa đựng hồ sơ,Ivory 300,,,A3,,1,
Bìa đựng hồ sơ,Ivory 300,,,Khác,,1,
Bìa đựng hồ sơ,Gân vàng 280,,,A0,,1,
Bìa đựng hồ sơ,Gân vàng 280,,,A4,,1,
Bìa đựng hồ sơ,Gân vàng 280,,,A5,,1,
Bìa đựng hồ sơ,Gân vàng 280,,,A2,,1,
Bìa đựng hồ sơ,Gân vàng 280,,,A1,,1,
Bìa đựng hồ sơ,Gân vàng 280,,,A3,,1,
Bìa đựng hồ sơ,Gân vàng 280,,,Khác,,1,
Bìa đựng hồ sơ,Ford 80,,,A0,,1,
Bìa đựng hồ sơ,Ford 80,,,A4,,1,
Bìa đựng hồ sơ,Ford 80,,,A5,,1,
Bìa đựng hồ sơ,Ford 80,,,A2,,1,
Bìa đựng hồ sơ,Ford 80,,,A1,,1,
Bìa đựng hồ sơ,Ford 80,,,A3,,1,
Bìa đựng hồ sơ,Ford 80,,,Khác,,1,
Bìa đựng hồ sơ,Canson 250,,,A0,,1,
Bìa đựng hồ sơ,Canson 250,,,A4,,1,
Bìa đựng hồ sơ,Canson 250,,,A5,,1,
Bìa đựng hồ sơ,Canson 250,,,A2,,1,
Bìa đựng hồ sơ,Canson 250,,,A1,,1,
Bìa đựng hồ sơ,Canson 250,,,A3,,1,
Bìa đựng hồ sơ,Canson 250,,,Khác,,1,
Bìa đựng hồ sơ,Ford 300,,,A0,,1,
Bìa đựng hồ sơ,Ford 300,,,A4,,1,
Bìa đựng hồ sơ,Ford 300,,,A5,,1,
Bìa đựng hồ sơ,Ford 300,,,A2,,1,
Bìa đựng hồ sơ,Ford 300,,,A1,,1,
Bìa đựng hồ sơ,Ford 300,,,A3,,1,
Bìa đựng hồ sơ,Ford 300,,,Khác,,1,
Bìa đựng hồ sơ,Couche 200,,,A0,,1,
Bìa đựng hồ sơ,Couche 200,,,A4,,1,
Bìa đựng hồ sơ,Couche 200,,,A5,,1,
Bìa đựng hồ sơ,Couche 200,,,A2,,1,
Bìa đựng hồ sơ,Couche 200,,,A1,,1,
Bìa đựng hồ sơ,Couche 200,,,A3,,1,
Bìa đựng hồ sơ,Couche 200,,,Khác,,1,
Bìa đựng hồ sơ,Couche 300,,,A0,,1,
Bìa đựng hồ sơ,Couche 300,,,A4,,1,
Bìa đựng hồ sơ,Couche 300,,,A5,,1,
Bìa đựng hồ sơ,Couche 300,,,A2,,1,
Bìa đựng hồ sơ,Couche 300,,,A1,,1,
Bìa đựng hồ sơ,Couche 300,,,A3,,1,
Bìa đựng hồ sơ,Couche 300,,,Khác,,1,
Bìa đựng hồ sơ,Gân trắng 250,,,A0,,1,
Bìa đựng hồ sơ,Gân trắng 250,,,A4,,1,
Bìa đựng hồ sơ,Gân trắng 250,,,A5,,1,
Bìa đựng hồ sơ,Gân trắng 250,,,A2,,1,
Bìa đựng hồ sơ,Gân trắng 250,,,A1,,1,
Bìa đựng hồ sơ,Gân trắng 250,,,A3,,1,
Bìa đựng hồ sơ,Gân trắng 250,,,Khác,,1,
Bìa đựng hồ sơ,Ford 250,,,A0,,1,
Bìa đựng hồ sơ,Ford 250,,,A4,,1,
Bìa đựng hồ sơ,Ford 250,,,A5,,1,
Bìa đựng hồ sơ,Ford 250,,,A2,,1,
Bìa đựng hồ sơ,Ford 250,,,A1,,1,
Bìa đựng hồ sơ,Ford 250,,,A3,,1,
Bìa đựng hồ sơ,Ford 250,,,Khác,,1,
Bìa đựng hồ sơ,Ford 180,,,A0,,1,
Bìa đựng hồ sơ,Ford 180,,,A4,,1,
Bìa đựng hồ sơ,Ford 180,,,A5,,1,
Bìa đựng hồ sơ,Ford 180,,,A2,,1,
Bìa đựng hồ sơ,Ford 180,,,A1,,1,
Bìa đựng hồ sơ,Ford 180,,,A3,,1,
Bìa đựng hồ sơ,Ford 180,,,Khác,,1,
Bìa đựng hồ sơ,Khác,,,A0,,1,
Bìa đựng hồ sơ,Khác,,,A4,,1,
Bìa đựng hồ sơ,Khác,,,A5,,1,
Bìa đựng hồ sơ,Khác,,,A2,,1,
Bìa đựng hồ sơ,Khác,,,A1,,1,
Bìa đựng hồ sơ,Khác,,,A3,,1,
Bìa đựng hồ sơ,Khác,,,Khác,,1,
Bìa đựng hồ sơ,Couche 250,,,A0,,1,
Bìa đựng hồ sơ,Couche 250,,,A4,,1,
Bìa đựng hồ sơ,Couche 250,,,A5,,1,
Bìa đựng hồ sơ,Couche 250,,,A2,,1,
Bìa đựng hồ sơ,Couche 250,,,A1,,1,
Bìa đựng hồ sơ,Couche 250,,,A3,,1,
Bìa đựng hồ sơ,Couche 250,,,Khác,,1,
Bìa đựng hồ sơ,Giấy ảnh 250,,,A0,,1,
Bìa đựng hồ sơ,Giấy ảnh 250,,,A4,,1,
Bìa đựng hồ sơ,Giấy ảnh 250,,,A5,,1,
Bìa đựng hồ sơ,Giấy ảnh 250,,,A2,,1,
Bìa đựng hồ sơ,Giấy ảnh 250,,,A1,,1,
Bìa đựng hồ sơ,Giấy ảnh 250,,,A3,,1,
Bìa đựng hồ sơ,Giấy ảnh 250,,,Khác,,1,
Voucher,Couche 150,,,A0,,1,
Voucher,Couche 150,,,A4,,1,
Voucher,Couche 150,,,A5,,1,
Voucher,Couche 150,,,A2,,1,
Voucher,Couche 150,,,A1,,1,
Voucher,Couche 150,,,A3,,1,
Voucher,Couche 150,,,Khác,,1,
Voucher,Ivory 300,,,A0,,1,
Voucher,Ivory 300,,,A4,,1,
Voucher,Ivory 300,,,A5,,1,
Voucher,Ivory 300,,,A2,,1,
Voucher,Ivory 300,,,A1,,1,
Voucher,Ivory 300,,,A3,,1,
Voucher,Ivory 300,,,Khác,,1,
Voucher,Gân vàng 280,,,A0,,1,
Voucher,Gân vàng 280,,,A4,,1,
Voucher,Gân vàng 280,,,A5,,1,
Voucher,Gân vàng 280,,,A2,,1,
Voucher,Gân vàng 280,,,A1,,1,
Voucher,Gân vàng 280,,,A3,,1,
Voucher,Gân vàng 280,,,Khác,,1,
Voucher,Ford 80,,,A0,,1,
Voucher,Ford 80,,,A4,,1,
Voucher,Ford 80,,,A5,,1,
Voucher,Ford 80,,,A2,,1,
Voucher,Ford 80,,,A1,,1,
Voucher,Ford 80,,,A3,,1,
Voucher,Ford 80,,,Khác,,1,
Voucher,Canson 250,,,A0,,1,
Voucher,Canson 250,,,A4,,1,
Voucher,Canson 250,,,A5,,1,
Voucher,Canson 250,,,A2,,1,
Voucher,Canson 250,,,A1,,1,
Voucher,Canson 250,,,A3,,1,
Voucher,Canson 250,,,Khác,,1,
Voucher,Ford 300,,,A0,,1,
Voucher,Ford 300,,,A4,,1,
Voucher,Ford 300,,,A5,,1,
Voucher,Ford 300,,,A2,,1,
Voucher,Ford 300,,,A1,,1,
Voucher,Ford 300,,,A3,,1,
Voucher,Ford 300,,,Khác,,1,
Voucher,Couche 200,,,A0,,1,
Voucher,Couche 200,,,A4,,1,
Voucher,Couche 200,,,A5,,1,
Voucher,Couche 200,,,A2,,1,
Voucher,Couche 200,,,A1,,1,
Voucher,Couche 200,,,A3,,1,
Voucher,Couche 200,,,Khác,,1,
Voucher,Couche 300,,,A0,,1,
Voucher,Couche 300,,,A4,,1,
Voucher,Couche 300,,,A5,,1,
Voucher,Couche 300,,,A2,,1,
Voucher,Couche 300,,,A1,,1,
Voucher,Couche 300,,,A3,,1,
Voucher,Couche 300,,,Khác,,1,
Voucher,Gân trắng 250,,,A0,,1,
Voucher,Gân trắng 250,,,A4,,1,
Voucher,Gân trắng 250,,,A5,,1,
Voucher,Gân trắng 250,,,A2,,1,
Voucher,Gân trắng 250,,,A1,,1,
Voucher,Gân trắng 250,,,A3,,1,
Voucher,Gân trắng 250,,,Khác,,1,
Voucher,Ford 250,,,A0,,1,
Voucher,Ford 250,,,A4,,1,
Voucher,Ford 250,,,A5,,1,
Voucher,Ford 250,,,A2,,1,
Voucher,Ford 250,,,A1,,1,
Voucher,Ford 250,,,A3,,1,
Voucher,Ford 250,,,Khác,,1,
Voucher,Ford 180,,,A0,,1,
Voucher,Ford 180,,,A4,,1,
Voucher,Ford 180,,,A5,,1,
Voucher,Ford 180,,,A2,,1,
Voucher,Ford 180,,,A1,,1,
Voucher,Ford 180,,,A3,,1,
Voucher,Ford 180,,,Khác,,1,
Voucher,Khác,,,A0,,1,
Voucher,Khác,,,A4,,1,
Voucher,Khác,,,A5,,1,
Voucher,Khác,,,A2,,1,
Voucher,Khác,,,A1,,1,
Voucher,Khác,,,A3,,1,
Voucher,Khác,,,Khác,,1,
Voucher,Couche 250,,,A0,,1,
Voucher,Couche 250,,,A4,,1,
Voucher,Couche 250,,,A5,,1,
Voucher,Couche 250,,,A2,,1,
Voucher,Couche 250,,,A1,,1,
Voucher,Couche 250,,,A3,,1,
Voucher,Couche 250,,,Khác,,1,
Voucher,Giấy ảnh 250,,,A0,,1,
Voucher,Giấy ảnh 250,,,A4,,1,
Voucher,Giấy ảnh 250,,,A5,,1,
Voucher,Giấy ảnh 250,,,A2,,1,
Voucher,Giấy ảnh 250,,,A1,,1,
Voucher,Giấy ảnh 250,,,A3,,1,
Voucher,Giấy ảnh 250,,,Khác,,1,
Poster,Couche 150,PP ngoài trời,,A0,,1,
Poster,Couche 150,PP ngoài trời,,A4,,1,
Poster,Couche 150,PP ngoài trời,,A5,,1,
Poster,Couche 150,PP ngoài trời,,A2,,1,
Poster,Couche 150,PP ngoài trời,,A1,,1,
Poster,Couche 150,PP ngoài trời,,A3,,1,
Poster,Couche 150,PP ngoài trời,,Khác,,1,
Poster,Couche 150,Hiflex,,A0,,1,
Poster,Couche 150,Hiflex,,A4,,1,
Poster,Couche 150,Hiflex,,A5,,1,
Poster,Couche 150,Hiflex,,A2,,1,
Poster,Couche 150,Hiflex,,A1,,1,
Poster,Couche 150,Hiflex,,A3,,1,
Poster,Couche 150,Hiflex,,Khác,,1,
Poster,Couche 150,PP trong nhà,,A0,,1,
Poster,Couche 150,PP trong nhà,,A4,,1,
Poster,Couche 150,PP trong nhà,,A5,,1,
Poster,Couche 150,PP trong nhà,,A2,,1,
Poster,Couche 150,PP trong nhà,,A1,,1,
Poster,Couche 150,PP trong nhà,,A3,,1,
Poster,Couche 150,PP trong nhà,,Khác,,1,
Poster,Couche 150,Decal trong,,A0,,1,
Poster,Couche 150,Decal trong,,A4,,1,
Poster,Couche 150,Decal trong,,A5,,1,
Poster,Couche 150,Decal trong,,A2,,1,
Poster,Couche 150,Decal trong,,A1,,1,
Poster,Couche 150,Decal trong,,A3,,1,
Poster,Couche 150,Decal trong,,Khác,,1,
Poster,Couche 150,Decal giấy,,A0,,1,
Poster,Couche 150,Decal giấy,,A4,,1,
Poster,Couche 150,Decal giấy,,A5,,1,
Poster,Couche 150,Decal giấy,,A2,,1,
Poster,Couche 150,Decal giấy,,A1,,1,
Poster,Couche 150,Decal giấy,,A3,,1,
Poster,Couche 150,Decal giấy,,Khác,,1,
Poster,Couche 150,Khác,,A0,,1,
Poster,Couche 150,Khác,,A4,,1,
Poster,Couche 150,Khác,,A5,,1,
Poster,Couche 150,Khác,,A2,,1,
Poster,Couche 150,Khác,,A1,,1,
Poster,Couche 150,Khác,,A3,,1,
Poster,Couche 150,Khác,,Khác,,1,
Poster,Couche 150,Decal nhựa,,A0,,1,
Poster,Couche 150,Decal nhựa,,A4,,1,
Poster,Couche 150,Decal nhựa,,A5,,1,
Poster,Couche 150,Decal nhựa,,A2,,1,
Poster,Couche 150,Decal nhựa,,A1,,1,
Poster,Couche 150,Decal nhựa,,A3,,1,
Poster,Couche 150,Decal nhựa,,Khác,,1,
Poster,Ivory 300,PP ngoài trời,,A0,,1,
Poster,Ivory 300,PP ngoài trời,,A4,,1,
Poster,Ivory 300,PP ngoài trời,,A5,,1,
Poster,Ivory 300,PP ngoài trời,,A2,,1,
Poster,Ivory 300,PP ngoài trời,,A1,,1,
Poster,Ivory 300,PP ngoài trời,,A3,,1,
Poster,Ivory 300,PP ngoài trời,,Khác,,1,
Poster,Ivory 300,Hiflex,,A0,,1,
Poster,Ivory 300,Hiflex,,A4,,1,
Poster,Ivory 300,Hiflex,,A5,,1,
Poster,Ivory 300,Hiflex,,A2,,1,
Poster,Ivory 300,Hiflex,,A1,,1,
Poster,Ivory 300,Hiflex,,A3,,1,
Poster,Ivory 300,Hiflex,,Khác,,1,
Poster,Ivory 300,PP trong nhà,,A0,,1,
Poster,Ivory 300,PP trong nhà,,A4,,1,
Poster,Ivory 300,PP trong nhà,,A5,,1,
Poster,Ivory 300,PP trong nhà,,A2,,1,
Poster,Ivory 300,PP trong nhà,,A1,,1,
Poster,Ivory 300,PP trong nhà,,A3,,1,
Poster,Ivory 300,PP trong nhà,,Khác,,1,
Poster,Ivory 300,Decal trong,,A0,,1,
Poster,Ivory 300,Decal trong,,A4,,1,
Poster,Ivory 300,Decal trong,,A5,,1,
Poster,Ivory 300,Decal trong,,A2,,1,
Poster,Ivory 300,Decal trong,,A1,,1,
Poster,Ivory 300,Decal trong,,A3,,1,
Poster,Ivory 300,Decal trong,,Khác,,1,
Poster,Ivory 300,Decal giấy,,A0,,1,
Poster,Ivory 300,Decal giấy,,A4,,1,
Poster,Ivory 300,Decal giấy,,A5,,1,
Poster,Ivory 300,Decal giấy,,A2,,1,
Poster,Ivory 300,Decal giấy,,A1,,1,
Poster,Ivory 300,Decal giấy,,A3,,1,
Poster,Ivory 300,Decal giấy,,Khác,,1,
Poster,Ivory 300,Khác,,A0,,1,
Poster,Ivory 300,Khác,,A4,,1,
Poster,Ivory 300,Khác,,A5,,1,
Poster,Ivory 300,Khác,,A2,,1,
Poster,Ivory 300,Khác,,A1,,1,
Poster,Ivory 300,Khác,,A3,,1,
Poster,Ivory 300,Khác,,Khác,,1,
Poster,Ivory 300,Decal nhựa,,A0,,1,
Poster,Ivory 300,Decal nhựa,,A4,,1,
Poster,Ivory 300,Decal nhựa,,A5,,1,
Poster,Ivory 300,Decal nhựa,,A2,,1,
Poster,Ivory 300,Decal nhựa,,A1,,1,
Poster,Ivory 300,Decal nhựa,,A3,,1,
Poster,Ivory 300,Decal nhựa,,Khác,,1,
Poster,Gân vàng 280,PP ngoài trời,,A0,,1,
Poster,Gân vàng 280,PP ngoài trời,,A4,,1,
Poster,Gân vàng 280,PP ngoài trời,,A5,,1,
Poster,Gân vàng 280,PP ngoài trời,,A2,,1,
Poster,Gân vàng 280,PP ngoài trời,,A1,,1,
Poster,Gân vàng 280,PP ngoài trời,,A3,,1,
Poster,Gân vàng 280,PP ngoài trời,,Khác,,1,
Poster,Gân vàng 280,Hiflex,,A0,,1,
Poster,Gân vàng 280,Hiflex,,A4,,1,
Poster,Gân vàng 280,Hiflex,,A5,,1,
Poster,Gân vàng 280,Hiflex,,A2,,1,
Poster,Gân vàng 280,Hiflex,,A1,,1,
Poster,Gân vàng 280,Hiflex,,A3,,1,
Poster,Gân vàng 280,Hiflex,,Khác,,1,
Poster,Gân vàng 280,PP trong nhà,,A0,,1,
Poster,Gân vàng 280,PP trong nhà,,A4,,1,
Poster,Gân vàng 280,PP trong nhà,,A5,,1,
Poster,Gân vàng 280,PP trong nhà,,A2,,1,
Poster,Gân vàng 280,PP trong nhà,,A1,,1,
Poster,Gân vàng 280,PP trong nhà,,A3,,1,
Poster,Gân vàng 280,PP trong nhà,,Khác,,1,
Poster,Gân vàng 280,Decal trong,,A0,,1,
Poster,Gân vàng 280,Decal trong,,A4,,1,
Poster,Gân vàng 280,Decal trong,,A5,,1,
Poster,Gân vàng 280,Decal trong,,A2,,1,
Poster,Gân vàng 280,Decal trong,,A1,,1,
Poster,Gân vàng 280,Decal trong,,A3,,1,
Poster,Gân vàng 280,Decal trong,,Khác,,1,
Poster,Gân vàng 280,Decal giấy,,A0,,1,
Poster,Gân vàng 280,Decal giấy,,A4,,1,
Poster,Gân vàng 280,Decal giấy,,A5,,1,
Poster,Gân vàng 280,Decal giấy,,A2,,1,
Poster,Gân vàng 280,Decal giấy,,A1,,1,
Poster,Gân vàng 280,Decal giấy,,A3,,1,
Poster,Gân vàng 280,Decal giấy,,Khác,,1,
Poster,Gân vàng 280,Khác,,A0,,1,
Poster,Gân vàng 280,Khác,,A4,,1,
Poster,Gân vàng 280,Khác,,A5,,1,
Poster,Gân vàng 280,Khác,,A2,,1,
Poster,Gân vàng 280,Khác,,A1,,1,
Poster,Gân vàng 280,Khác,,A3,,1,
Poster,Gân vàng 280,Khác,,Khác,,1,
Poster,Gân vàng 280,Decal nhựa,,A0,,1,
Poster,Gân vàng 280,Decal nhựa,,A4,,1,
Poster,Gân vàng 280,Decal nhựa,,A5,,1,
Poster,Gân vàng 280,Decal nhựa,,A2,,1,
Poster,Gân vàng 280,Decal nhựa,,A1,,1,
Poster,Gân vàng 280,Decal nhựa,,A3,,1,
Poster,Gân vàng 280,Decal nhựa,,Khác,,1,
Poster,Ford 80,PP ngoài trời,,A0,,1,
Poster,Ford 80,PP ngoài trời,,A4,,1,
Poster,Ford 80,PP ngoài trời,,A5,,1,
Poster,Ford 80,PP ngoài trời,,A2,,1,
Poster,Ford 80,PP ngoài trời,,A1,,1,
Poster,Ford 80,PP ngoài trời,,A3,,1,
Poster,Ford 80,PP ngoài trời,,Khác,,1,
Poster,Ford 80,Hiflex,,A0,,1,
Poster,Ford 80,Hiflex,,A4,,1,
Poster,Ford 80,Hiflex,,A5,,1,
Poster,Ford 80,Hiflex,,A2,,1,
Poster,Ford 80,Hiflex,,A1,,1,
Poster,Ford 80,Hiflex,,A3,,1,
Poster,Ford 80,Hiflex,,Khác,,1,
Poster,Ford 80,PP trong nhà,,A0,,1,
Poster,Ford 80,PP trong nhà,,A4,,1,
Poster,Ford 80,PP trong nhà,,A5,,1,
Poster,Ford 80,PP trong nhà,,A2,,1,
Poster,Ford 80,PP trong nhà,,A1,,1,
Poster,Ford 80,PP trong nhà,,A3,,1,
Poster,Ford 80,PP trong nhà,,Khác,,1,
Poster,Ford 80,Decal trong,,A0,,1,
Poster,Ford 80,Decal trong,,A4,,1,
Poster,Ford 80,Decal trong,,A5,,1,
Poster,Ford 80,Decal trong,,A2,,1,
Poster,Ford 80,Decal trong,,A1,,1,
Poster,Ford 80,Decal trong,,A3,,1,
Poster,Ford 80,Decal trong,,Khác,,1,
Poster,Ford 80,Decal giấy,,A0,,1,
Poster,Ford 80,Decal giấy,,A4,,1,
Poster,Ford 80,Decal giấy,,A5,,1,
Poster,Ford 80,Decal giấy,,A2,,1,
Poster,Ford 80,Decal giấy,,A1,,1,
Poster,Ford 80,Decal giấy,,A3,,1,
Poster,Ford 80,Decal giấy,,Khác,,1,
Poster,Ford 80,Khác,,A0,,1,
Poster,Ford 80,Khác,,A4,,1,
Poster,Ford 80,Khác,,A5,,1,
Poster,Ford 80,Khác,,A2,,1,
Poster,Ford 80,Khác,,A1,,1,
Poster,Ford 80,Khác,,A3,,1,
Poster,Ford 80,Khác,,Khác,,1,
Poster,Ford 80,Decal nhựa,,A0,,1,
Poster,Ford 80,Decal nhựa,,A4,,1,
Poster,Ford 80,Decal nhựa,,A5,,1,
Poster,Ford 80,Decal nhựa,,A2,,1,
Poster,Ford 80,Decal nhựa,,A1,,1,
Poster,Ford 80,Decal nhựa,,A3,,1,
Poster,Ford 80,Decal nhựa,,Khác,,1,
Poster,Canson 250,PP ngoài trời,,A0,,1,
Poster,Canson 250,PP ngoài trời,,A4,,1,
Poster,Canson 250,PP ngoài trời,,A5,,1,
Poster,Canson 250,PP ngoài trời,,A2,,1,
Poster,Canson 250,PP ngoài trời,,A1,,1,
Poster,Canson 250,PP ngoài trời,,A3,,1,
Poster,Canson 250,PP ngoài trời,,Khác,,1,
Poster,Canson 250,Hiflex,,A0,,1,
Poster,Canson 250,Hiflex,,A4,,1,
Poster,Canson 250,Hiflex,,A5,,1,
Poster,Canson 250,Hiflex,,A2,,1,
Poster,Canson 250,Hiflex,,A1,,1,
Poster,Canson 250,Hiflex,,A3,,1,
Poster,Canson 250,Hiflex,,Khác,,1,
Poster,Canson 250,PP trong nhà,,A0,,1,
Poster,Canson 250,PP trong nhà,,A4,,1,
Poster,Canson 250,PP trong nhà,,A5,,1,
Poster,Canson 250,PP trong nhà,,A2,,1,
Poster,Canson 250,PP trong nhà,,A1,,1,
Poster,Canson 250,PP trong nhà,,A3,,1,
Poster,Canson 250,PP trong nhà,,Khác,,1,
Poster,Canson 250,Decal trong,,A0,,1,
Poster,Canson 250,Decal trong,,A4,,1,
Poster,Canson 250,Decal trong,,A5,,1,
Poster,Canson 250,Decal trong,,A2,,1,
Poster,Canson 250,Decal trong,,A1,,1,
Poster,Canson 250,Decal trong,,A3,,1,
Poster,Canson 250,Decal trong,,Khác,,1,
Poster,Canson 250,Decal giấy,,A0,,1,
Poster,Canson 250,Decal giấy,,A4,,1,
Poster,Canson 250,Decal giấy,,A5,,1,
Poster,Canson 250,Decal giấy,,A2,,1,
Poster,Canson 250,Decal giấy,,A1,,1,
Poster,Canson 250,Decal giấy,,A3,,1,
Poster,Canson 250,Decal giấy,,Khác,,1,
Poster,Canson 250,Khác,,A0,,1,
Poster,Canson 250,Khác,,A4,,1,
Poster,Canson 250,Khác,,A5,,1,
Poster,Canson 250,Khác,,A2,,1,
Poster,Canson 250,Khác,,A1,,1,
Poster,Canson 250,Khác,,A3,,1,
Poster,Canson 250,Khác,,Khác,,1,
Poster,Canson 250,Decal nhựa,,A0,,1,
Poster,Canson 250,Decal nhựa,,A4,,1,
Poster,Canson 250,Decal nhựa,,A5,,1,
Poster,Canson 250,Decal nhựa,,A2,,1,
Poster,Canson 250,Decal nhựa,,A1,,1,
Poster,Canson 250,Decal nhựa,,A3,,1,
Poster,Canson 250,Decal nhựa,,Khác,,1,
Poster,Ford 300,PP ngoài trời,,A0,,1,
Poster,Ford 300,PP ngoài trời,,A4,,1,
Poster,Ford 300,PP ngoài trời,,A5,,1,
Poster,Ford 300,PP ngoài trời,,A2,,1,
Poster,Ford 300,PP ngoài trời,,A1,,1,
Poster,Ford 300,PP ngoài trời,,A3,,1,
Poster,Ford 300,PP ngoài trời,,Khác,,1,
Poster,Ford 300,Hiflex,,A0,,1,
Poster,Ford 300,Hiflex,,A4,,1,
Poster,Ford 300,Hiflex,,A5,,1,
Poster,Ford 300,Hiflex,,A2,,1,
Poster,Ford 300,Hiflex,,A1,,1,
Poster,Ford 300,Hiflex,,A3,,1,
Poster,Ford 300,Hiflex,,Khác,,1,
Poster,Ford 300,PP trong nhà,,A0,,1,
Poster,Ford 300,PP trong nhà,,A4,,1,
Poster,Ford 300,PP trong nhà,,A5,,1,
Poster,Ford 300,PP trong nhà,,A2,,1,
Poster,Ford 300,PP trong nhà,,A1,,1,
Poster,Ford 300,PP trong nhà,,A3,,1,
Poster,Ford 300,PP trong nhà,,Khác,,1,
Poster,Ford 300,Decal trong,,A0,,1,
Poster,Ford 300,Decal trong,,A4,,1,
Poster,Ford 300,Decal trong,,A5,,1,
Poster,Ford 300,Decal trong,,A2,,1,
Poster,Ford 300,Decal trong,,A1,,1,
Poster,Ford 300,Decal trong,,A3,,1,
Poster,Ford 300,Decal trong,,Khác,,1,
Poster,Ford 300,Decal giấy,,A0,,1,
Poster,Ford 300,Decal giấy,,A4,,1,
Poster,Ford 300,Decal giấy,,A5,,1,
Poster,Ford 300,Decal giấy,,A2,,1,
Poster,Ford 300,Decal giấy,,A1,,1,
Poster,Ford 300,Decal giấy,,A3,,1,
Poster,Ford 300,Decal giấy,,Khác,,1,
Poster,Ford 300,Khác,,A0,,1,
Poster,Ford 300,Khác,,A4,,1,
Poster,Ford 300,Khác,,A5,,1,
Poster,Ford 300,Khác,,A2,,1,
Poster,Ford 300,Khác,,A1,,1,
Poster,Ford 300,Khác,,A3,,1,
Poster,Ford 300,Khác,,Khác,,1,
Poster,Ford 300,Decal nhựa,,A0,,1,
Poster,Ford 300,Decal nhựa,,A4,,1,
Poster,Ford 300,Decal nhựa,,A5,,1,
Poster,Ford 300,Decal nhựa,,A2,,1,
Poster,Ford 300,Decal nhựa,,A1,,1,
Poster,Ford 300,Decal nhựa,,A3,,1,
Poster,Ford 300,Decal nhựa,,Khác,,1,
Poster,Couche 200,PP ngoài trời,,A0,,1,
Poster,Couche 200,PP ngoài trời,,A4,,1,
Poster,Couche 200,PP ngoài trời,,A5,,1,
Poster,Couche 200,PP ngoài trời,,A2,,1,
Poster,Couche 200,PP ngoài trời,,A1,,1,
Poster,Couche 200,PP ngoài trời,,A3,,1,
Poster,Couche 200,PP ngoài trời,,Khác,,1,
Poster,Couche 200,Hiflex,,A0,,1,
Poster,Couche 200,Hiflex,,A4,,1,
Poster,Couche 200,Hiflex,,A5,,1,
Poster,Couche 200,Hiflex,,A2,,1,
Poster,Couche 200,Hiflex,,A1,,1,
Poster,Couche 200,Hiflex,,A3,,1,
Poster,Couche 200,Hiflex,,Khác,,1,
Poster,Couche 200,PP trong nhà,,A0,,1,
Poster,Couche 200,PP trong nhà,,A4,,1,
Poster,Couche 200,PP trong nhà,,A5,,1,
Poster,Couche 200,PP trong nhà,,A2,,1,
Poster,Couche 200,PP trong nhà,,A1,,1,
Poster,Couche 200,PP trong nhà,,A3,,1,
Poster,Couche 200,PP trong nhà,,Khác,,1,
Poster,Couche 200,Decal trong,,A0,,1,
Poster,Couche 200,Decal trong,,A4,,1,
Poster,Couche 200,Decal trong,,A5,,1,
Poster,Couche 200,Decal trong,,A2,,1,
Poster,Couche 200,Decal trong,,A1,,1,
Poster,Couche 200,Decal trong,,A3,,1,
Poster,Couche 200,Decal trong,,Khác,,1,
Poster,Couche 200,Decal giấy,,A0,,1,
Poster,Couche 200,Decal giấy,,A4,,1,
Poster,Couche 200,Decal giấy,,A5,,1,
Poster,Couche 200,Decal giấy,,A2,,1,
Poster,Couche 200,Decal giấy,,A1,,1,
Poster,Couche 200,Decal giấy,,A3,,1,
Poster,Couche 200,Decal giấy,,Khác,,1,
Poster,Couche 200,Khác,,A0,,1,
Poster,Couche 200,Khác,,A4,,1,
Poster,Couche 200,Khác,,A5,,1,
Poster,Couche 200,Khác,,A2,,1,
Poster,Couche 200,Khác,,A1,,1,
Poster,Couche 200,Khác,,A3,,1,
Poster,Couche 200,Khác,,Khác,,1,
Poster,Couche 200,Decal nhựa,,A0,,1,
Poster,Couche 200,Decal nhựa,,A4,,1,
Poster,Couche 200,Decal nhựa,,A5,,1,
Poster,Couche 200,Decal nhựa,,A2,,1,
Poster,Couche 200,Decal nhựa,,A1,,1,
Poster,Couche 200,Decal nhựa,,A3,,1,
Poster,Couche 200,Decal nhựa,,Khác,,1,
Poster,Couche 300,PP ngoài trời,,A0,,1,
Poster,Couche 300,PP ngoài trời,,A4,,1,
Poster,Couche 300,PP ngoài trời,,A5,,1,
Poster,Couche 300,PP ngoài trời,,A2,,1,
Poster,Couche 300,PP ngoài trời,,A1,,1,
Poster,Couche 300,PP ngoài trời,,A3,,1,
Poster,Couche 300,PP ngoài trời,,Khác,,1,
Poster,Couche 300,Hiflex,,A0,,1,
Poster,Couche 300,Hiflex,,A4,,1,
Poster,Couche 300,Hiflex,,A5,,1,
Poster,Couche 300,Hiflex,,A2,,1,
Poster,Couche 300,Hiflex,,A1,,1,
Poster,Couche 300,Hiflex,,A3,,1,
Poster,Couche 300,Hiflex,,Khác,,1,
Poster,Couche 300,PP trong nhà,,A0,,1,
Poster,Couche 300,PP trong nhà,,A4,,1,
Poster,Couche 300,PP trong nhà,,A5,,1,
Poster,Couche 300,PP trong nhà,,A2,,1,
Poster,Couche 300,PP trong nhà,,A1,,1,
Poster,Couche 300,PP trong nhà,,A3,,1,
Poster,Couche 300,PP trong nhà,,Khác,,1,
Poster,Couche 300,Decal trong,,A0,,1,
Poster,Couche 300,Decal trong,,A4,,1,
Poster,Couche 300,Decal trong,,A5,,1,
Poster,Couche 300,Decal trong,,A2,,1,
Poster,Couche 300,Decal trong,,A1,,1,
Poster,Couche 300,Decal trong,,A3,,1,
Poster,Couche 300,Decal trong,,Khác,,1,
Poster,Couche 300,Decal giấy,,A0,,1,
Poster,Couche 300,Decal giấy,,A4,,1,
Poster,Couche 300,Decal giấy,,A5,,1,
Poster,Couche 300,Decal giấy,,A2,,1,
Poster,Couche 300,Decal giấy,,A1,,1,
Poster,Couche 300,Decal giấy,,A3,,1,
Poster,Couche 300,Decal giấy,,Khác,,1,
Poster,Couche 300,Khác,,A0,,1,
Poster,Couche 300,Khác,,A4,,1,
Poster,Couche 300,Khác,,A5,,1,
Poster,Couche 300,Khác,,A2,,1,
Poster,Couche 300,Khác,,A1,,1,
Poster,Couche 300,Khác,,A3,,1,
Poster,Couche 300,Khác,,Khác,,1,
Poster,Couche 300,Decal nhựa,,A0,,1,
Poster,Couche 300,Decal nhựa,,A4,,1,
Poster,Couche 300,Decal nhựa,,A5,,1,
Poster,Couche 300,Decal nhựa,,A2,,1,
Poster,Couche 300,Decal nhựa,,A1,,1,
Poster,Couche 300,Decal nhựa,,A3,,1,
Poster,Couche 300,Decal nhựa,,Khác,,1,
Poster,Gân trắng 250,PP ngoài trời,,A0,,1,
Poster,Gân trắng 250,PP ngoài trời,,A4,,1,
Poster,Gân trắng 250,PP ngoài trời,,A5,,1,
Poster,Gân trắng 250,PP ngoài trời,,A2,,1,
Poster,Gân trắng 250,PP ngoài trời,,A1,,1,
Poster,Gân trắng 250,PP ngoài trời,,A3,,1,
Poster,Gân trắng 250,PP ngoài trời,,Khác,,1,
Poster,Gân trắng 250,Hiflex,,A0,,1,
Poster,Gân trắng 250,Hiflex,,A4,,1,
Poster,Gân trắng 250,Hiflex,,A5,,1,
Poster,Gân trắng 250,Hiflex,,A2,,1,
Poster,Gân trắng 250,Hiflex,,A1,,1,
Poster,Gân trắng 250,Hiflex,,A3,,1,
Poster,Gân trắng 250,Hiflex,,Khác,,1,
Poster,Gân trắng 250,PP trong nhà,,A0,,1,
Poster,Gân trắng 250,PP trong nhà,,A4,,1,
Poster,Gân trắng 250,PP trong nhà,,A5,,1,
Poster,Gân trắng 250,PP trong nhà,,A2,,1,
Poster,Gân trắng 250,PP trong nhà,,A1,,1,
Poster,Gân trắng 250,PP trong nhà,,A3,,1,
Poster,Gân trắng 250,PP trong nhà,,Khác,,1,
Poster,Gân trắng 250,Decal trong,,A0,,1,
Poster,Gân trắng 250,Decal trong,,A4,,1,
Poster,Gân trắng 250,Decal trong,,A5,,1,
Poster,Gân trắng 250,Decal trong,,A2,,1,
Poster,Gân trắng 250,Decal trong,,A1,,1,
Poster,Gân trắng 250,Decal trong,,A3,,1,
Poster,Gân trắng 250,Decal trong,,Khác,,1,
Poster,Gân trắng 250,Decal giấy,,A0,,1,
Poster,Gân trắng 250,Decal giấy,,A4,,1,
Poster,Gân trắng 250,Decal giấy,,A5,,1,
Poster,Gân trắng 250,Decal giấy,,A2,,1,
Poster,Gân trắng 250,Decal giấy,,A1,,1,
Poster,Gân trắng 250,Decal giấy,,A3,,1,
Poster,Gân trắng 250,Decal giấy,,Khác,,1,
Poster,Gân trắng 250,Khác,,A0,,1,
Poster,Gân trắng 250,Khác,,A4,,1,
Poster,Gân trắng 250,Khác,,A5,,1,
Poster,Gân trắng 250,Khác,,A2,,1,
Poster,Gân trắng 250,Khác,,A1,,1,
Poster,Gân trắng 250,Khác,,A3,,1,
Poster,Gân trắng 250,Khác,,Khác,,1,
Poster,Gân trắng 250,Decal nhựa,,A0,,1,
Poster,Gân trắng 250,Decal nhựa,,A4,,1,
Poster,Gân trắng 250,Decal nhựa,,A5,,1,
Poster,Gân trắng 250,Decal nhựa,,A2,,1,
Poster,Gân trắng 250,Decal nhựa,,A1,,1,
Poster,Gân trắng 250,Decal nhựa,,A3,,1,
Poster,Gân trắng 250,Decal nhựa,,Khác,,1,
Poster,Ford 250,PP ngoài trời,,A0,,1,
Poster,Ford 250,PP ngoài trời,,A4,,1,
Poster,Ford 250,PP ngoài trời,,A5,,1,
Poster,Ford 250,PP ngoài trời,,A2,,1,
Poster,Ford 250,PP ngoài trời,,A1,,1,
Poster,Ford 250,PP ngoài trời,,A3,,1,
Poster,Ford 250,PP ngoài trời,,Khác,,1,
Poster,Ford 250,Hiflex,,A0,,1,
Poster,Ford 250,Hiflex,,A4,,1,
Poster,Ford 250,Hiflex,,A5,,1,
Poster,Ford 250,Hiflex,,A2,,1,
Poster,Ford 250,Hiflex,,A1,,1,
Poster,Ford 250,Hiflex,,A3,,1,
Poster,Ford 250,Hiflex,,Khác,,1,
Poster,Ford 250,PP trong nhà,,A0,,1,
Poster,Ford 250,PP trong nhà,,A4,,1,
Poster,Ford 250,PP trong nhà,,A5,,1,
Poster,Ford 250,PP trong nhà,,A2,,1,
Poster,Ford 250,PP trong nhà,,A1,,1,
Poster,Ford 250,PP trong nhà,,A3,,1,
Poster,Ford 250,PP trong nhà,,Khác,,1,
Poster,Ford 250,Decal trong,,A0,,1,
Poster,Ford 250,Decal trong,,A4,,1,
Poster,Ford 250,Decal trong,,A5,,1,
Poster,Ford 250,Decal trong,,A2,,1,
Poster,Ford 250,Decal trong,,A1,,1,
Poster,Ford 250,Decal trong,,A3,,1,
Poster,Ford 250,Decal trong,,Khác,,1,
Poster,Ford 250,Decal giấy,,A0,,1,
Poster,Ford 250,Decal giấy,,A4,,1,
Poster,Ford 250,Decal giấy,,A5,,1,
Poster,Ford 250,Decal giấy,,A2,,1,
Poster,Ford 250,Decal giấy,,A1,,1,
Poster,Ford 250,Decal giấy,,A3,,1,
Poster,Ford 250,Decal giấy,,Khác,,1,
Poster,Ford 250,Khác,,A0,,1,
Poster,Ford 250,Khác,,A4,,1,
Poster,Ford 250,Khác,,A5,,1,
Poster,Ford 250,Khác,,A2,,1,
Poster,Ford 250,Khác,,A1,,1,
Poster,Ford 250,Khác,,A3,,1,
Poster,Ford 250,Khác,,Khác,,1,
Poster,Ford 250,Decal nhựa,,A0,,1,
Poster,Ford 250,Decal nhựa,,A4,,1,
Poster,Ford 250,Decal nhựa,,A5,,1,
Poster,Ford 250,Decal nhựa,,A2,,1,
Poster,Ford 250,Decal nhựa,,A1,,1,
Poster,Ford 250,Decal nhựa,,A3,,1,
Poster,Ford 250,Decal nhựa,,Khác,,1,
Poster,Ford 180,PP ngoài trời,,A0,,1,
Poster,Ford 180,PP ngoài trời,,A4,,1,
Poster,Ford 180,PP ngoài trời,,A5,,1,
Poster,Ford 180,PP ngoài trời,,A2,,1,
Poster,Ford 180,PP ngoài trời,,A1,,1,
Poster,Ford 180,PP ngoài trời,,A3,,1,
Poster,Ford 180,PP ngoài trời,,Khác,,1,
Poster,Ford 180,Hiflex,,A0,,1,
Poster,Ford 180,Hiflex,,A4,,1,
Poster,Ford 180,Hiflex,,A5,,1,
Poster,Ford 180,Hiflex,,A2,,1,
Poster,Ford 180,Hiflex,,A1,,1,
Poster,Ford 180,Hiflex,,A3,,1,
Poster,Ford 180,Hiflex,,Khác,,1,
Poster,Ford 180,PP trong nhà,,A0,,1,
Poster,Ford 180,PP trong nhà,,A4,,1,
Poster,Ford 180,PP trong nhà,,A5,,1,
Poster,Ford 180,PP trong nhà,,A2,,1,
Poster,Ford 180,PP trong nhà,,A1,,1,
Poster,Ford 180,PP trong nhà,,A3,,1,
Poster,Ford 180,PP trong nhà,,Khác,,1,
Poster,Ford 180,Decal trong,,A0,,1,
Poster,Ford 180,Decal trong,,A4,,1,
Poster,Ford 180,Decal trong,,A5,,1,
Poster,Ford 180,Decal trong,,A2,,1,
Poster,Ford 180,Decal trong,,A1,,1,
Poster,Ford 180,Decal trong,,A3,,1,
Poster,Ford 180,Decal trong,,Khác,,1,
Poster,Ford 180,Decal giấy,,A0,,1,
Poster,Ford 180,Decal giấy,,A4,,1,
Poster,Ford 180,Decal giấy,,A5,,1,
Poster,Ford 180,Decal giấy,,A2,,1,
Poster,Ford 180,Decal giấy,,A1,,1,
Poster,Ford 180,Decal giấy,,A3,,1,
Poster,Ford 180,Decal giấy,,Khác,,1,
Poster,Ford 180,Khác,,A0,,1,
Poster,Ford 180,Khác,,A4,,1,
Poster,Ford 180,Khác,,A5,,1,
Poster,Ford 180,Khác,,A2,,1,
Poster,Ford 180,Khác,,A1,,1,
Poster,Ford 180,Khác,,A3,,1,
Poster,Ford 180,Khác,,Khác,,1,
Poster,Ford 180,Decal nhựa,,A0,,1,
Poster,Ford 180,Decal nhựa,,A4,,1,
Poster,Ford 180,Decal nhựa,,A5,,1,
Poster,Ford 180,Decal nhựa,,A2,,1,
Poster,Ford 180,Decal nhựa,,A1,,1,
Poster,Ford 180,Decal nhựa,,A3,,1,
Poster,Ford 180,Decal nhựa,,Khác,,1,
Poster,Khác,PP ngoài trời,,A0,,1,
Poster,Khác,PP ngoài trời,,A4,,1,
Poster,Khác,PP ngoài trời,,A5,,1,
Poster,Khác,PP ngoài trời,,A2,,1,
Poster,Khác,PP ngoài trời,,A1,,1,
Poster,Khác,PP ngoài trời,,A3,,1,
Poster,Khác,PP ngoài trời,,Khác,,1,
Poster,Khác,Hiflex,,A0,,1,
Poster,Khác,Hiflex,,A4,,1,
Poster,Khác,Hiflex,,A5,,1,
Poster,Khác,Hiflex,,A2,,1,
Poster,Khác,Hiflex,,A1,,1,
Poster,Khác,Hiflex,,A3,,1,
Poster,Khác,Hiflex,,Khác,,1,
Poster,Khác,PP trong nhà,,A0,,1,
Poster,Khác,PP trong nhà,,A4,,1,
Poster,Khác,PP trong nhà,,A5,,1,
Poster,Khác,PP trong nhà,,A2,,1,
Poster,Khác,PP trong nhà,,A1,,1,
Poster,Khác,PP trong nhà,,A3,,1,
Poster,Khác,PP trong nhà,,Khác,,1,
Poster,Khác,Decal trong,,A0,,1,
Poster,Khác,Decal trong,,A4,,1,
Poster,Khác,Decal trong,,A5,,1,
Poster,Khác,Decal trong,,A2,,1,
Poster,Khác,Decal trong,,A1,,1,
Poster,Khác,Decal trong,,A3,,1,
Poster,Khác,Decal trong,,Khác,,1,
Poster,Khác,Decal giấy,,A0,,1,
Poster,Khác,Decal giấy,,A4,,1,
Poster,Khác,Decal giấy,,A5,,1,
Poster,Khác,Decal giấy,,A2,,1,
Poster,Khác,Decal giấy,,A1,,1,
Poster,Khác,Decal giấy,,A3,,1,
Poster,Khác,Decal giấy,,Khác,,1,
Poster,Khác,Khác,,A0,,1,
Poster,Khác,Khác,,A4,,1,
Poster,Khác,Khác,,A5,,1,
Poster,Khác,Khác,,A2,,1,
Poster,Khác,Khác,,A1,,1,
Poster,Khác,Khác,,A3,,1,
Poster,Khác,Khác,,Khác,,1,
Poster,Khác,Decal nhựa,,A0,,1,
Poster,Khác,Decal nhựa,,A4,,1,
Poster,Khác,Decal nhựa,,A5,,1,
Poster,Khác,Decal nhựa,,A2,,1,
Poster,Khác,Decal nhựa,,A1,,1,
Poster,Khác,Decal nhựa,,A3,,1,
Poster,Khác,Decal nhựa,,Khác,,1,
Poster,Couche 250,PP ngoài trời,,A0,,1,
Poster,Couche 250,PP ngoài trời,,A4,,1,
Poster,Couche 250,PP ngoài trời,,A5,,1,
Poster,Couche 250,PP ngoài trời,,A2,,1,
Poster,Couche 250,PP ngoài trời,,A1,,1,
Poster,Couche 250,PP ngoài trời,,A3,,1,
Poster,Couche 250,PP ngoài trời,,Khác,,1,
Poster,Couche 250,Hiflex,,A0,,1,
Poster,Couche 250,Hiflex,,A4,,1,
Poster,Couche 250,Hiflex,,A5,,1,
Poster,Couche 250,Hiflex,,A2,,1,
Poster,Couche 250,Hiflex,,A1,,1,
Poster,Couche 250,Hiflex,,A3,,1,
Poster,Couche 250,Hiflex,,Khác,,1,
Poster,Couche 250,PP trong nhà,,A0,,1,
Poster,Couche 250,PP trong nhà,,A4,,1,
Poster,Couche 250,PP trong nhà,,A5,,1,
Poster,Couche 250,PP trong nhà,,A2,,1,
Poster,Couche 250,PP trong nhà,,A1,,1,
Poster,Couche 250,PP trong nhà,,A3,,1,
Poster,Couche 250,PP trong nhà,,Khác,,1,
Poster,Couche 250,Decal trong,,A0,,1,
Poster,Couche 250,Decal trong,,A4,,1,
Poster,Couche 250,Decal trong,,A5,,1,
Poster,Couche 250,Decal trong,,A2,,1,
Poster,Couche 250,Decal trong,,A1,,1,
Poster,Couche 250,Decal trong,,A3,,1,
Poster,Couche 250,Decal trong,,Khác,,1,
Poster,Couche 250,Decal giấy,,A0,,1,
Poster,Couche 250,Decal giấy,,A4,,1,
Poster,Couche 250,Decal giấy,,A5,,1,
Poster,Couche 250,Decal giấy,,A2,,1,
Poster,Couche 250,Decal giấy,,A1,,1,
Poster,Couche 250,Decal giấy,,A3,,1,
Poster,Couche 250,Decal giấy,,Khác,,1,
Poster,Couche 250,Khác,,A0,,1,
Poster,Couche 250,Khác,,A4,,1,
Poster,Couche 250,Khác,,A5,,1,
Poster,Couche 250,Khác,,A2,,1,
Poster,Couche 250,Khác,,A1,,1,
Poster,Couche 250,Khác,,A3,,1,
Poster,Couche 250,Khác,,Khác,,1,
Poster,Couche 250,Decal nhựa,,A0,,1,
Poster,Couche 250,Decal nhựa,,A4,,1,
Poster,Couche 250,Decal nhựa,,A5,,1,
Poster,Couche 250,Decal nhựa,,A2,,1,
Poster,Couche 250,Decal nhựa,,A1,,1,
Poster,Couche 250,Decal nhựa,,A3,,1,
Poster,Couche 250,Decal nhựa,,Khác,,1,
Poster,Giấy ảnh 250,PP ngoài trời,,A0,,1,
Poster,Giấy ảnh 250,PP ngoài trời,,A4,,1,
Poster,Giấy ảnh 250,PP ngoài trời,,A5,,1,
Poster,Giấy ảnh 250,PP ngoài trời,,A2,,1,
Poster,Giấy ảnh 250,PP ngoài trời,,A1,,1,
Poster,Giấy ảnh 250,PP ngoài trời,,A3,,1,
Poster,Giấy ảnh 250,PP ngoài trời,,Khác,,1,
Poster,Giấy ảnh 250,Hiflex,,A0,,1,
Poster,Giấy ảnh 250,Hiflex,,A4,,1,
Poster,Giấy ảnh 250,Hiflex,,A5,,1,
Poster,Giấy ảnh 250,Hiflex,,A2,,1,
Poster,Giấy ảnh 250,Hiflex,,A1,,1,
Poster,Giấy ảnh 250,Hiflex,,A3,,1,
Poster,Giấy ảnh 250,Hiflex,,Khác,,1,
Poster,Giấy ảnh 250,PP trong nhà,,A0,,1,
Poster,Giấy ảnh 250,PP trong nhà,,A4,,1,
Poster,Giấy ảnh 250,PP trong nhà,,A5,,1,
Poster,Giấy ảnh 250,PP trong nhà,,A2,,1,
Poster,Giấy ảnh 250,PP trong nhà,,A1,,1,
Poster,Giấy ảnh 250,PP trong nhà,,A3,,1,
Poster,Giấy ảnh 250,PP trong nhà,,Khác,,1,
Poster,Giấy ảnh 250,Decal trong,,A0,,1,
Poster,Giấy ảnh 250,Decal trong,,A4,,1,
Poster,Giấy ảnh 250,Decal trong,,A5,,1,
Poster,Giấy ảnh 250,Decal trong,,A2,,1,
Poster,Giấy ảnh 250,Decal trong,,A1,,1,
Poster,Giấy ảnh 250,Decal trong,,A3,,1,
Poster,Giấy ảnh 250,Decal trong,,Khác,,1,
Poster,Giấy ảnh 250,Decal giấy,,A0,,1,
Poster,Giấy ảnh 250,Decal giấy,,A4,,1,
Poster,Giấy ảnh 250,Decal giấy,,A5,,1,
Poster,Giấy ảnh 250,Decal giấy,,A2,,1,
Poster,Giấy ảnh 250,Decal giấy,,A1,,1,
Poster,Giấy ảnh 250,Decal giấy,,A3,,1,
Poster,Giấy ảnh 250,Decal giấy,,Khác,,1,
Poster,Giấy ảnh 250,Khác,,A0,,1,
Poster,Giấy ảnh 250,Khác,,A4,,1,
Poster,Giấy ảnh 250,Khác,,A5,,1,
Poster,Giấy ảnh 250,Khác,,A2,,1,
Poster,Giấy ảnh 250,Khác,,A1,,1,
Poster,Giấy ảnh 250,Khác,,A3,,1,
Poster,Giấy ảnh 250,Khác,,Khác,,1,
Poster,Giấy ảnh 250,Decal nhựa,,A0,,1,
Poster,Giấy ảnh 250,Decal nhựa,,A4,,1,
Poster,Giấy ảnh 250,Decal nhựa,,A5,,1,
Poster,Giấy ảnh 250,Decal nhựa,,A2,,1,
Poster,Giấy ảnh 250,Decal nhựa,,A1,,1,
Poster,Giấy ảnh 250,Decal nhựa,,A3,,1,
Poster,Giấy ảnh 250,Decal nhựa,,Khác,,1,
Standee,,PP ngoài trời,,,,1,
Standee,,Hiflex,,,,1,
Standee,,PP trong nhà,,,,1,
Standee,,Decal trong,,,,1,
Standee,,Decal giấy,,,,1,
Standee,,Khác,,,,1,
Standee,,Decal nhựa,,,,1,
Tờ rơi,Couche 150,,,A0,,1,
Tờ rơi,Couche 150,,,A4,,1,
Tờ rơi,Couche 150,,,A5,,1,
Tờ rơi,Couche 150,,,A2,,1,
Tờ rơi,Couche 150,,,A1,,1,
Tờ rơi,Couche 150,,,A3,,1,
Tờ rơi,Couche 150,,,Khác,,1,
Tờ rơi,Ivory 300,,,A0,,1,
Tờ rơi,Ivory 300,,,A4,,1,
Tờ rơi,Ivory 300,,,A5,,1,
Tờ rơi,Ivory 300,,,A2,,1,
Tờ rơi,Ivory 300,,,A1,,1,
Tờ rơi,Ivory 300,,,A3,,1,
Tờ rơi,Ivory 300,,,Khác,,1,
Tờ rơi,Gân vàng 280,,,A0,,1,
Tờ rơi,Gân vàng 280,,,A4,,1,
Tờ rơi,Gân vàng 280,,,A5,,1,
Tờ rơi,Gân vàng 280,,,A2,,1,
Tờ rơi,Gân vàng 280,,,A1,,1,
Tờ rơi,Gân vàng 280,,,A3,,1,
Tờ rơi,Gân vàng 280,,,Khác,,1,
Tờ rơi,Ford 80,,,A0,,1,
Tờ rơi,Ford 80,,,A4,,1,
Tờ rơi,Ford 80,,,A5,,1,
Tờ rơi,Ford 80,,,A2,,1,
Tờ rơi,Ford 80,,,A1,,1,
Tờ rơi,Ford 80,,,A3,,1,
Tờ rơi,Ford 80,,,Khác,,1,
Tờ rơi,Canson 250,,,A0,,1,
Tờ rơi,Canson 250,,,A4,,1,
Tờ rơi,Canson 250,,,A5,,1,
Tờ rơi,Canson 250,,,A2,,1,
Tờ rơi,Canson 250,,,A1,,1,
Tờ rơi,Canson 250,,,A3,,1,
Tờ rơi,Canson 250,,,Khác,,1,
Tờ rơi,Ford 300,,,A0,,1,
Tờ rơi,Ford 300,,,A4,,1,
Tờ rơi,Ford 300,,,A5,,1,
Tờ rơi,Ford 300,,,A2,,1,
Tờ rơi,Ford 300,,,A1,,1,
Tờ rơi,Ford 300,,,A3,,1,
Tờ rơi,Ford 300,,,Khác,,1,
Tờ rơi,Couche 200,,,A0,,1,
Tờ rơi,Couche 200,,,A4,,1,
Tờ rơi,Couche 200,,,A5,,1,
Tờ rơi,Couche 200,,,A2,,1,
Tờ rơi,Couche 200,,,A1,,1,
Tờ rơi,Couche 200,,,A3,,1,
Tờ rơi,Couche 200,,,Khác,,1,
Tờ rơi,Couche 300,,,A0,,1,
Tờ rơi,Couche 300,,,A4,,1,
Tờ rơi,Couche 300,,,A5,,1,
Tờ rơi,Couche 300,,,A2,,1,
Tờ rơi,Couche 300,,,A1,,1,
Tờ rơi,Couche 300,,,A3,,1,
Tờ rơi,Couche 300,,,Khác,,1,
Tờ rơi,Gân trắng 250,,,A0,,1,
Tờ rơi,Gân trắng 250,,,A4,,1,
Tờ rơi,Gân trắng 250,,,A5,,1,
Tờ rơi,Gân trắng 250,,,A2,,1,
Tờ rơi,Gân trắng 250,,,A1,,1,
Tờ rơi,Gân trắng 250,,,A3,,1,
Tờ rơi,Gân trắng 250,,,Khác,,1,
Tờ rơi,Ford 250,,,A0,,1,
Tờ rơi,Ford 250,,,A4,,1,
Tờ rơi,Ford 250,,,A5,,1,
Tờ rơi,Ford 250,,,A2,,1,
Tờ rơi,Ford 250,,,A1,,1,
Tờ rơi,Ford 250,,,A3,,1,
Tờ rơi,Ford 250,,,Khác,,1,
Tờ rơi,Ford 180,,,A0,,1,
Tờ rơi,Ford 180,,,A4,,1,
Tờ rơi,Ford 180,,,A5,,1,
Tờ rơi,Ford 180,,,A2,,1,
Tờ rơi,Ford 180,,,A1,,1,
Tờ rơi,Ford 180,,,A3,,1,
Tờ rơi,Ford 180,,,Khác,,1,
Tờ rơi,Khác,,,A0,,1,
Tờ rơi,Khác,,,A4,,1,
Tờ rơi,Khác,,,A5,,1,
Tờ rơi,Khác,,,A2,,1,
Tờ rơi,Khác,,,A1,,1,
Tờ rơi,Khác,,,A3,,1,
Tờ rơi,Khác,,,Khác,,1,
Tờ rơi,Couche 250,,,A0,,1,
Tờ rơi,Couche 250,,,A4,,1,
Tờ rơi,Couche 250,,,A5,,1,
Tờ rơi,Couche 250,,,A2,,1,
Tờ rơi,Couche 250,,,A1,,1,
Tờ rơi,Couche 250,,,A3,,1,
Tờ rơi,Couche 250,,,Khác,,1,
Tờ rơi,Giấy ảnh 250,,,A0,,1,
Tờ rơi,Giấy ảnh 250,,,A4,,1,
Tờ rơi,Giấy ảnh 250,,,A5,,1,
Tờ rơi,Giấy ảnh 250,,,A2,,1,
Tờ rơi,Giấy ảnh 250,,,A1,,1,
Tờ rơi,Giấy ảnh 250,,,A3,,1,
Tờ rơi,Giấy ảnh 250,,,Khác,,1,
Tờ gấp,Couche 150,,,A0,,1,
Tờ gấp,Couche 150,,,A4,,1,
Tờ gấp,Couche 150,,,A5,,1,
Tờ gấp,Couche 150,,,A2,,1,
Tờ gấp,Couche 150,,,A1,,1,
Tờ gấp,Couche 150,,,A3,,1,
Tờ gấp,Couche 150,,,Khác,,1,
Tờ gấp,Ivory 300,,,A0,,1,
Tờ gấp,Ivory 300,,,A4,,1,
Tờ gấp,Ivory 300,,,A5,,1,
Tờ gấp,Ivory 300,,,A2,,1,
Tờ gấp,Ivory 300,,,A1,,1,
Tờ gấp,Ivory 300,,,A3,,1,
Tờ gấp,Ivory 300,,,Khác,,1,
Tờ gấp,Gân vàng 280,,,A0,,1,
Tờ gấp,Gân vàng 280,,,A4,,1,
Tờ gấp,Gân vàng 280,,,A5,,1,
Tờ gấp,Gân vàng 280,,,A2,,1,
Tờ gấp,Gân vàng 280,,,A1,,1,
Tờ gấp,Gân vàng 280,,,A3,,1,
Tờ gấp,Gân vàng 280,,,Khác,,1,
Tờ gấp,Ford 80,,,A0,,1,
Tờ gấp,Ford 80,,,A4,,1,
Tờ gấp,Ford 80,,,A5,,1,
Tờ gấp,Ford 80,,,A2,,1,
Tờ gấp,Ford 80,,,A1,,1,
Tờ gấp,Ford 80,,,A3,,1,
Tờ gấp,Ford 80,,,Khác,,1,
Tờ gấp,Canson 250,,,A0,,1,
Tờ gấp,Canson 250,,,A4,,1,
Tờ gấp,Canson 250,,,A5,,1,
Tờ gấp,Canson 250,,,A2,,1,
Tờ gấp,Canson 250,,,A1,,1,
Tờ gấp,Canson 250,,,A3,,1,
Tờ gấp,Canson 250,,,Khác,,1,
Tờ gấp,Ford 300,,,A0,,1,
Tờ gấp,Ford 300,,,A4,,1,
Tờ gấp,Ford 300,,,A5,,1,
Tờ gấp,Ford 300,,,A2,,1,
Tờ gấp,Ford 300,,,A1,,1,
Tờ gấp,Ford 300,,,A3,,1,
Tờ gấp,Ford 300,,,Khác,,1,
Tờ gấp,Couche 200,,,A0,,1,
Tờ gấp,Couche 200,,,A4,,1,
Tờ gấp,Couche 200,,,A5,,1,
Tờ gấp,Couche 200,,,A2,,1,
Tờ gấp,Couche 200,,,A1,,1,
Tờ gấp,Couche 200,,,A3,,1,
Tờ gấp,Couche 200,,,Khác,,1,
Tờ gấp,Couche 300,,,A0,,1,
Tờ gấp,Couche 300,,,A4,,1,
Tờ gấp,Couche 300,,,A5,,1,
Tờ gấp,Couche 300,,,A2,,1,
Tờ gấp,Couche 300,,,A1,,1,
Tờ gấp,Couche 300,,,A3,,1,
Tờ gấp,Couche 300,,,Khác,,1,
Tờ gấp,Gân trắng 250,,,A0,,1,
Tờ gấp,Gân trắng 250,,,A4,,1,
Tờ gấp,Gân trắng 250,,,A5,,1,
Tờ gấp,Gân trắng 250,,,A2,,1,
Tờ gấp,Gân trắng 250,,,A1,,1,
Tờ gấp,Gân trắng 250,,,A3,,1,
Tờ gấp,Gân trắng 250,,,Khác,,1,
Tờ gấp,Ford 250,,,A0,,1,
Tờ gấp,Ford 250,,,A4,,1,
Tờ gấp,Ford 250,,,A5,,1,
Tờ gấp,Ford 250,,,A2,,1,
Tờ gấp,Ford 250,,,A1,,1,
Tờ gấp,Ford 250,,,A3,,1,
Tờ gấp,Ford 250,,,Khác,,1,
Tờ gấp,Ford 180,,,A0,,1,
Tờ gấp,Ford 180,,,A4,,1,
Tờ gấp,Ford 180,,,A5,,1,
Tờ gấp,Ford 180,,,A2,,1,
Tờ gấp,Ford 180,,,A1,,1,
Tờ gấp,Ford 180,,,A3,,1,
Tờ gấp,Ford 180,,,Khác,,1,
Tờ gấp,Khác,,,A0,,1,
Tờ gấp,Khác,,,A4,,1,
Tờ gấp,Khác,,,A5,,1,
Tờ gấp,Khác,,,A2,,1,
Tờ gấp,Khác,,,A1,,1,
Tờ gấp,Khác,,,A3,,1,
Tờ gấp,Khác,,,Khác,,1,
Tờ gấp,Couche 250,,,A0,,1,
Tờ gấp,Couche 250,,,A4,,1,
Tờ gấp,Couche 250,,,A5,,1,
Tờ gấp,Couche 250,,,A2,,1,
Tờ gấp,Couche 250,,,A1,,1,
Tờ gấp,Couche 250,,,A3,,1,
Tờ gấp,Couche 250,,,Khác,,1,
Tờ gấp,Giấy ảnh 250,,,A0,,1,
Tờ gấp,Giấy ảnh 250,,,A4,,1,
Tờ gấp,Giấy ảnh 250,,,A5,,1,
Tờ gấp,Giấy ảnh 250,,,A2,,1,
Tờ gấp,Giấy ảnh 250,,,A1,,1,
Tờ gấp,Giấy ảnh 250,,,A3,,1,
Tờ gấp,Giấy ảnh 250,,,Khác,,1,
Vé,Couche 150,,,A0,,1,
Vé,Couche 150,,,A4,,1,
Vé,Couche 150,,,A5,,1,
Vé,Couche 150,,,A2,,1,
Vé,Couche 150,,,A1,,1,
Vé,Couche 150,,,A3,,1,
Vé,Couche 150,,,Khác,,1,
Vé,Ivory 300,,,A0,,1,
Vé,Ivory 300,,,A4,,1,
Vé,Ivory 300,,,A5,,1,
Vé,Ivory 300,,,A2,,1,
Vé,Ivory 300,,,A1,,1,
Vé,Ivory 300,,,A3,,1,
Vé,Ivory 300,,,Khác,,1,
Vé,Gân vàng 280,,,A0,,1,
Vé,Gân vàng 280,,,A4,,1,
Vé,Gân vàng 280,,,A5,,1,
Vé,Gân vàng 280,,,A2,,1,
Vé,Gân vàng 280,,,A1,,1,
Vé,Gân vàng 280,,,A3,,1,
Vé,Gân vàng 280,,,Khác,,1,
Vé,Ford 80,,,A0,,1,
Vé,Ford 80,,,A4,,1,
Vé,Ford 80,,,A5,,1,
Vé,Ford 80,,,A2,,1,
Vé,Ford 80,,,A1,,1,
Vé,Ford 80,,,A3,,1,
Vé,Ford 80,,,Khác,,1,
Vé,Canson 250,,,A0,,1,
Vé,Canson 250,,,A4,,1,
Vé,Canson 250,,,A5,,1,
Vé,Canson 250,,,A2,,1,
Vé,Canson 250,,,A1,,1,
Vé,Canson 250,,,A3,,1,
Vé,Canson 250,,,Khác,,1,
Vé,Ford 300,,,A0,,1,
Vé,Ford 300,,,A4,,1,
Vé,Ford 300,,,A5,,1,
Vé,Ford 300,,,A2,,1,
Vé,Ford 300,,,A1,,1,
Vé,Ford 300,,,A3,,1,
Vé,Ford 300,,,Khác,,1,
Vé,Couche 200,,,A0,,1,
Vé,Couche 200,,,A4,,1,
Vé,Couche 200,,,A5,,1,
Vé,Couche 200,,,A2,,1,
Vé,Couche 200,,,A1,,1,
Vé,Couche 200,,,A3,,1,
Vé,Couche 200,,,Khác,,1,
Vé,Couche 300,,,A0,,1,
Vé,Couche 300,,,A4,,1,
Vé,Couche 300,,,A5,,1,
Vé,Couche 300,,,A2,,1,
Vé,Couche 300,,,A1,,1,
Vé,Couche 300,,,A3,,1,
Vé,Couche 300,,,Khác,,1,
Vé,Gân trắng 250,,,A0,,1,
Vé,Gân trắng 250,,,A4,,1,
Vé,Gân trắng 250,,,A5,,1,
Vé,Gân trắng 250,,,A2,,1,
Vé,Gân trắng 250,,,A1,,1,
Vé,Gân trắng 250,,,A3,,1,
Vé,Gân trắng 250,,,Khác,,1,
Vé,Ford 250,,,A0,,1,
Vé,Ford 250,,,A4,,1,
Vé,Ford 250,,,A5,,1,
Vé,Ford 250,,,A2,,1,
Vé,Ford 250,,,A1,,1,
Vé,Ford 250,,,A3,,1,
Vé,Ford 250,,,Khác,,1,
Vé,Ford 180,,,A0,,1,
Vé,Ford 180,,,A4,,1,
Vé,Ford 180,,,A5,,1,
Vé,Ford 180,,,A2,,1,
Vé,Ford 180,,,A1,,1,
Vé,Ford 180,,,A3,,1,
Vé,Ford 180,,,Khác,,1,
Vé,Khác,,,A0,,1,
Vé,Khác,,,A4,,1,
Vé,Khác,,,A5,,1,
Vé,Khác,,,A2,,1,
Vé,Khác,,,A1,,1,
Vé,Khác,,,A3,,1,
Vé,Khác,,,Khác,,1,
Vé,Couche 250,,,A0,,1,
Vé,Couche 250,,,A4,,1,
Vé,Couche 250,,,A5,,1,
Vé,Couche 250,,,A2,,1,
Vé,Couche 250,,,A1,,1,
Vé,Couche 250,,,A3,,1,
Vé,Couche 250,,,Khác,,1,
Vé,Giấy ảnh 250,,,A0,,1,
Vé,Giấy ảnh 250,,,A4,,1,
Vé,Giấy ảnh 250,,,A5,,1,
Vé,Giấy ảnh 250,,,A2,,1,
Vé,Giấy ảnh 250,,,A1,,1,
Vé,Giấy ảnh 250,,,A3,,1,
Vé,Giấy ảnh 250,,,Khác,,1,
Catalogue,Couche 150,,,A0,,1,
Catalogue,Couche 150,,,A4,,1,
Catalogue,Couche 150,,,A5,,1,
Catalogue,Couche 150,,,A2,,1,
Catalogue,Couche 150,,,A1,,1,
Catalogue,Couche 150,,,A3,,1,
Catalogue,Couche 150,,,Khác,,1,
Catalogue,Ivory 300,,,A0,,1,
Catalogue,Ivory 300,,,A4,,1,
Catalogue,Ivory 300,,,A5,,1,
Catalogue,Ivory 300,,,A2,,1,
Catalogue,Ivory 300,,,A1,,1,
Catalogue,Ivory 300,,,A3,,1,
Catalogue,Ivory 300,,,Khác,,1,
Catalogue,Gân vàng 280,,,A0,,1,
Catalogue,Gân vàng 280,,,A4,,1,
Catalogue,Gân vàng 280,,,A5,,1,
Catalogue,Gân vàng 280,,,A2,,1,
Catalogue,Gân vàng 280,,,A1,,1,
Catalogue,Gân vàng 280,,,A3,,1,
Catalogue,Gân vàng 280,,,Khác,,1,
Catalogue,Ford 80,,,A0,,1,
Catalogue,Ford 80,,,A4,,1,
Catalogue,Ford 80,,,A5,,1,
Catalogue,Ford 80,,,A2,,1,
Catalogue,Ford 80,,,A1,,1,
Catalogue,Ford 80,,,A3,,1,
Catalogue,Ford 80,,,Khác,,1,
Catalogue,Canson 250,,,A0,,1,
Catalogue,Canson 250,,,A4,,1,
Catalogue,Canson 250,,,A5,,1,
Catalogue,Canson 250,,,A2,,1,
Catalogue,Canson 250,,,A1,,1,
Catalogue,Canson 250,,,A3,,1,
Catalogue,Canson 250,,,Khác,,1,
Catalogue,Ford 300,,,A0,,1,
Catalogue,Ford 300,,,A4,,1,
Catalogue,Ford 300,,,A5,,1,
Catalogue,Ford 300,,,A2,,1,
Catalogue,Ford 300,,,A1,,1,
Catalogue,Ford 300,,,A3,,1,
Catalogue,Ford 300,,,Khác,,1,
Catalogue,Couche 200,,,A0,,1,
Catalogue,Couche 200,,,A4,,1,
Catalogue,Couche 200,,,A5,,1,
Catalogue,Couche 200,,,A2,,1,
Catalogue,Couche 200,,,A1,,1,
Catalogue,Couche 200,,,A3,,1,
Catalogue,Couche 200,,,Khác,,1,
Catalogue,Couche 300,,,A0,,1,
Catalogue,Couche 300,,,A4,,1,
Catalogue,Couche 300,,,A5,,1,
Catalogue,Couche 300,,,A2,,1,
Catalogue,Couche 300,,,A1,,1,
Catalogue,Couche 300,,,A3,,1,
Catalogue,Couche 300,,,Khác,,1,
Catalogue,Gân trắng 250,,,A0,,1,
Catalogue,Gân trắng 250,,,A4,,1,
Catalogue,Gân trắng 250,,,A5,,1,
Catalogue,Gân trắng 250,,,A2,,1,
Catalogue,Gân trắng 250,,,A1,,1,
Catalogue,Gân trắng 250,,,A3,,1,
Catalogue,Gân trắng 250,,,Khác,,1,
Catalogue,Ford 250,,,A0,,1,
Catalogue,Ford 250,,,A4,,1,
Catalogue,Ford 250,,,A5,,1,
Catalogue,Ford 250,,,A2,,1,
Catalogue,Ford 250,,,A1,,1,
Catalogue,Ford 250,,,A3,,1,
Catalogue,Ford 250,,,Khác,,1,
Catalogue,Ford 180,,,A0,,1,
Catalogue,Ford 180,,,A4,,1,
Catalogue,Ford 180,,,A5,,1,
Catalogue,Ford 180,,,A2,,1,
Catalogue,Ford 180,,,A1,,1,
Catalogue,Ford 180,,,A3,,1,
Catalogue,Ford 180,,,Khác,,1,
Catalogue,Khác,,,A0,,1,
Catalogue,Khác,,,A4,,1,
Catalogue,Khác,,,A5,,1,
Catalogue,Khác,,,A2,,1,
Catalogue,Khác,,,A1,,1,
Catalogue,Khác,,,A3,,1,
Catalogue,Khác,,,Khác,,1,
Catalogue,Couche 250,,,A0,,1,
Catalogue,Couche 250,,,A4,,1,
Catalogue,Couche 250,,,A5,,1,
Catalogue,Couche 250,,,A2,,1,
Catalogue,Couche 250,,,A1,,1,
Catalogue,Couche 250,,,A3,,1,
Catalogue,Couche 250,,,Khác,,1,
Catalogue,Giấy ảnh 250,,,A0,,1,
Catalogue,Giấy ảnh 250,,,A4,,1,
Catalogue,Giấy ảnh 250,,,A5,,1,
Catalogue,Giấy ảnh 250,,,A2,,1,
Catalogue,Giấy ảnh 250,,,A1,,1,
Catalogue,Giấy ảnh 250,,,A3,,1,
Catalogue,Giấy ảnh 250,,,Khác,,1,
Hasgtag cầm tay,,PP ngoài trời,,,,1,
Hasgtag cầm tay,,Hiflex,,,,1,
Hasgtag cầm tay,,PP trong nhà,,,,1,
Hasgtag cầm tay,,Decal trong,,,,1,
Hasgtag cầm tay,,Decal giấy,,,,1,
Hasgtag cầm tay,,Khác,,,,1,
Hasgtag cầm tay,,Decal nhựa,,,,1,
Tranh Canvas,,PP ngoài trời,,,,1,
Tranh Canvas,,Hiflex,,,,1,
Tranh Canvas,,PP trong nhà,,,,1,
Tranh Canvas,,Decal trong,,,,1,
Tranh Canvas,,Decal giấy,,,,1,
Tranh Canvas,,Khác,,,,1,
Tranh Canvas,,Decal nhựa,,,,1,
PP bồi Fomex,,PP ngoài trời,,,,1,
PP bồi Fomex,,Hiflex,,,,1,
PP bồi Fomex,,PP trong nhà,,,,1,
PP bồi Fomex,,Decal trong,,,,1,
PP bồi Fomex,,Decal giấy,,,,1,
PP bồi Fomex,,Khác,,,,1,
PP bồi Fomex,,Decal nhựa,,,,1,
Băn rôn,,PP ngoài trời,,,,1,
Băn rôn,,Hiflex,,,,1,
Băn rôn,,PP trong nhà,,,,1,
Băn rôn,,Decal trong,,,,1,
Băn rôn,,Decal giấy,,,,1,
Băn rôn,,Khác,,,,1,
Băn rôn,,Decal nhựa,,,,1,
